Const,Your Rating,Date Rated,Title,Original Title,URL,Title Type,IMDb Rating,Runtime (mins),Year,Genres,Num Votes,Release Date,Directors
tt0078788,10,2025-11-20,"Апокалипсис сегодня","Apocalypse Now",https://www.imdb.com/title/tt0078788,Movie,8.4,147,1979,"Drama, Mystery, War",757492,"1979-08-15","Francis Ford Coppola"
tt0847880,7,2025-11-20,"Груз 200","Gruz 200",https://www.imdb.com/title/tt0847880,Movie,7.1,89,2007,"Drama, Thriller, Crime",13106,"2007-06-14","Aleksey Balabanov"
tt1865718,9,2025-11-19,"Гравити Фолз","Gravity Falls",https://www.imdb.com/title/tt1865718,TV Series,8.9,23,2012,"Animation, Comedy, Family, Adventure, Fantasy",167794,"2012-06-14",
tt2948372,6,2025-11-19,"Душа","Soul",https://www.imdb.com/title/tt2948372,Movie,8.0,100,2020,"Animation, Family, Adventure, Fantasy, Music, Comedy, Drama",419874,"2021-01-21","Pete Docter,Kemp Powers"
tt1825683,6,2025-11-19,"Чёрная Пантера","Black Panther",https://www.imdb.com/title/tt1825683,Movie,7.3,134,2018,"Action, Adventure, Sci-Fi",894144,"2018-02-26","Ryan Coogler"
tt1670345,7,2025-11-19,"Иллюзия обмана","Now You See Me",https://www.imdb.com/title/tt1670345,Movie,7.2,115,2013,"Thriller, Crime, Mystery",755458,"2013-06-06","Louis Leterrier"
tt0365748,7,2025-11-19,"Зомби по имени Шон","Shaun of the Dead",https://www.imdb.com/title/tt0365748,Movie,7.8,99,2004,"Comedy, Horror",630567,"2004-04-09","Edgar Wright"
tt0121766,8,2025-11-19,"Звёздные войны: Эпизод III - Месть ситхов","Star Wars: Episode III - Revenge of the Sith",https://www.imdb.com/title/tt0121766,Movie,7.6,140,2005,"Fantasy, Adventure, Sci-Fi, Action",903985,"2005-05-19","George Lucas"
tt0454848,8,2025-11-19,"Не пойман - не вор","Inside Man",https://www.imdb.com/title/tt0454848,Movie,7.6,129,2006,"Crime, Drama, Thriller, Mystery",419414,"2006-04-13","Spike Lee"
tt1219289,8,2025-11-19,"Области тьмы","Limitless",https://www.imdb.com/title/tt1219289,Movie,7.4,105,2011,"Thriller, Sci-Fi",638676,"2011-03-17","Neil Burger"
tt1392190,8,2025-11-19,"Безумный Макс: Дорога ярости","Mad Max: Fury Road",https://www.imdb.com/title/tt1392190,Movie,8.1,120,2015,"Action, Adventure, Sci-Fi",1188293,"2015-05-14","George Miller"
tt0145487,8,2025-11-19,"Человек-паук","Spider-Man",https://www.imdb.com/title/tt0145487,Movie,7.4,121,2002,"Adventure, Sci-Fi, Action",946494,"2002-05-01","Sam Raimi"
tt0240772,8,2025-11-19,"Одиннадцать друзей Оушена","Ocean's Eleven",https://www.imdb.com/title/tt0240772,Movie,7.7,116,2001,"Thriller, Crime",660948,"2002-02-28","Steven Soderbergh"
tt13062500,8,2025-11-19,"Ходячие мертвецы: Дэрил Диксон","The Walking Dead: Daryl Dixon",https://www.imdb.com/title/tt13062500,TV Series,7.5,47,2023,"Horror, Drama",37050,"2023-09-10",
tt2543164,8,2025-11-19,"Прибытие","Arrival",https://www.imdb.com/title/tt2543164,Movie,7.9,116,2016,"Sci-Fi, Drama, Mystery",841112,"2016-11-11","Denis Villeneuve"
tt0093773,8,2025-11-19,"Хищник","Predator",https://www.imdb.com/title/tt0093773,Movie,7.8,107,1987,"Horror, Adventure, Sci-Fi, Action",490432,"1987-10-17","John McTiernan"
tt0411008,8,2025-11-19,"Остаться в живых","Lost",https://www.imdb.com/title/tt0411008,TV Series,8.3,45,2004,"Drama, Mystery, Adventure, Thriller, Sci-Fi, Fantasy",658620,"2005-07-10",
tt13146488,8,2025-11-19,"Миротворец","Peacemaker",https://www.imdb.com/title/tt13146488,TV Series,8.3,40,2022,"Action, Comedy, Adventure, Sci-Fi, Crime, Fantasy, Drama",183924,"2022-01-13",
tt1942683,8,2025-11-17,"Удивительный мир Гамбола","The Amazing World of Gumball",https://www.imdb.com/title/tt1942683,TV Series,8.4,11,2011,"Animation, Musical, Short, Comedy, Fantasy, Family, Adventure, Music, Sci-Fi",51450,"2017-06-24",
tt0265086,8,2025-11-17,"Чёрный ястреб","Black Hawk Down",https://www.imdb.com/title/tt0265086,Movie,7.7,144,2001,"Drama, Action, History, War",447440,"2002-03-22","Ridley Scott"
tt0416449,7,2025-11-17,"300 спартанцев","300",https://www.imdb.com/title/tt0416449,Movie,7.6,117,2006,"Action, Drama",902553,"2007-03-22","Zack Snyder"
tt0082096,10,2025-11-13,"Подводная лодка","Das Boot",https://www.imdb.com/title/tt0082096,Movie,8.4,149,1981,"Drama, War",283856,"1981-09-17","Wolfgang Petersen"
tt0780521,7,2025-11-13,"Принцесса и лягушка","The Princess and the Frog",https://www.imdb.com/title/tt0780521,Movie,7.2,97,2009,"Animation, Musical, Family, Romance, Fantasy, Adventure, Comedy",182551,"2010-01-01","Ron Clements,John Musker"
tt6139732,5,2025-11-13,"Аладдин","Aladdin",https://www.imdb.com/title/tt6139732,Movie,6.9,128,2019,"Musical, Adventure, Fantasy, Romance, Family, Comedy",309397,"2019-05-23","Guy Ritchie"
tt0103639,7,2025-11-13,"Аладдин","Aladdin",https://www.imdb.com/title/tt0103639,Movie,8.0,90,1992,"Animation, Musical, Romance, Adventure, Comedy, Family, Fantasy",493619,"1994-04-02","Ron Clements,John Musker"
tt0110357,10,2025-11-13,"Король лев","The Lion King",https://www.imdb.com/title/tt0110357,Movie,8.5,88,1994,"Animation, Musical, Drama, Adventure, Family",1232569,"1995-01-20","Roger Allers,Rob Minkoff"
tt0116583,8,2025-11-13,"Горбун из Нотр-Дама","The Hunchback of Notre Dame",https://www.imdb.com/title/tt0116583,Movie,7.0,91,1996,"Animation, Musical, Drama, Romance, Family",181447,"1997-07-26","Gary Trousdale,Kirk Wise"
tt0230011,7,2025-11-13,"Атлантида: Затерянный мир","Atlantis: The Lost Empire",https://www.imdb.com/title/tt0230011,Movie,6.9,95,2001,"Animation, Family, Action, Fantasy, Sci-Fi, Adventure",144938,"2001-12-21","Gary Trousdale,Kirk Wise"
tt0130623,5,2025-11-13,"Динозавр","Dinosaur",https://www.imdb.com/title/tt0130623,Movie,6.4,82,2000,"Animation, Drama, Fantasy, Adventure, Family",71654,"2000-12-15","Eric Leighton,Ralph Zondag"
tt0401398,5,2025-11-13,"Похождения императора 2: Приключения Кронка","Kronk's New Groove",https://www.imdb.com/title/tt0401398,Video,5.8,75,2005,"Animation, Musical, Comedy, Family, Romance, Adventure",17575,"2005-12-13","Saul Blinkoff,Elliot M. Bour,Robin Steele"
tt0120917,8,2025-11-13,"Похождения императора","The Emperor's New Groove",https://www.imdb.com/title/tt0120917,Movie,7.4,78,2000,"Animation, Adventure, Fantasy, Family, Comedy",243403,"2001-11-01","Mark Dindal"
tt1220634,4,2025-11-13,"Обитель зла 4: Жизнь после смерти","Resident Evil: Afterlife",https://www.imdb.com/title/tt1220634,Movie,5.8,96,2010,"Action, Sci-Fi, Horror",185540,"2010-09-10","Paul W.S. Anderson"
tt1855325,4,2025-11-13,"Обитель зла: Возмездие","Resident Evil: Retribution",https://www.imdb.com/title/tt1855325,Movie,5.3,95,2012,"Action, Sci-Fi, Thriller, Horror",156774,"2012-09-13","Paul W.S. Anderson"
tt0432021,6,2025-11-13,"Обитель зла 3","Resident Evil: Extinction",https://www.imdb.com/title/tt0432021,Movie,6.2,94,2007,"Horror, Action, Sci-Fi",213195,"2007-09-20","Russell Mulcahy"
tt0318627,5,2025-11-13,"Обитель зла 2: Апокалипсис","Resident Evil: Apocalypse",https://www.imdb.com/title/tt0318627,Movie,6.1,94,2004,"Horror, Sci-Fi, Thriller, Action",218500,"2004-11-11","Alexander Witt"
tt0120804,8,2025-11-13,"Обитель зла","Resident Evil",https://www.imdb.com/title/tt0120804,Movie,6.6,100,2002,"Sci-Fi, Horror, Action",305031,"2002-07-18","Paul W.S. Anderson"
tt6475714,4,2025-11-13,"Охотник на монстров","Monster Hunter",https://www.imdb.com/title/tt6475714,Movie,5.2,103,2020,"Fantasy, Action, Adventure",73596,"2021-01-14","Paul W.S. Anderson"
tt0133240,8,2025-11-13,"Планета сокровищ","Treasure Planet",https://www.imdb.com/title/tt0133240,Movie,7.2,95,2002,"Animation, Sci-Fi, Family, Adventure",144919,"2003-03-21","Ron Clements,John Musker"
tt0398286,8,2025-11-13,"Рапунцель: Запутанная история","Tangled",https://www.imdb.com/title/tt0398286,Movie,7.7,100,2010,"Animation, Musical, Family, Comedy, Fantasy, Romance, Adventure",533621,"2010-11-25","Nathan Greno,Byron Howard"
tt0397892,5,2025-11-13,"Вольт","Bolt",https://www.imdb.com/title/tt0397892,Movie,6.8,96,2008,"Animation, Family, Comedy, Adventure, Crime, Drama, Sci-Fi",243677,"2008-11-27","Byron Howard,Chris Williams"
tt2245084,6,2025-11-13,"Город героев","Big Hero 6",https://www.imdb.com/title/tt2245084,Movie,7.8,102,2014,"Animation, Action, Family, Sci-Fi, Adventure, Comedy, Crime",542370,"2014-10-25","Don Hall,Chris Williams"
tt3521164,7,2025-11-13,"Моана","Moana",https://www.imdb.com/title/tt3521164,Movie,7.6,107,2016,"Animation, Musical, Adventure, Family, Comedy, Fantasy",429467,"2016-12-01","Ron Clements,John Musker,Don Hall,Chris Williams"
tt5848272,5,2025-11-13,"Ральф против Интернета","Ralph Breaks the Internet",https://www.imdb.com/title/tt5848272,Movie,7.0,112,2018,"Animation, Comedy, Adventure, Family, Fantasy, Sci-Fi, Sport",200624,"2018-11-22","Phil Johnston,Rich Moore"
tt1772341,7,2025-11-13,"Ральф","Wreck-It Ralph",https://www.imdb.com/title/tt1772341,Movie,7.7,101,2012,"Animation, Comedy, Family, Adventure, Fantasy, Sci-Fi, Sport",489160,"2012-11-01","Rich Moore"
tt4520988,4,2025-11-13,"Холодное сердце 2","Frozen II",https://www.imdb.com/title/tt4520988,Movie,6.8,103,2019,"Animation, Musical, Adventure, Comedy, Family, Fantasy, Drama",213092,"2019-11-28","Chris Buck,Jennifer Lee"
tt2294629,6,2025-11-13,"Холодное сердце","Frozen",https://www.imdb.com/title/tt2294629,Movie,7.4,102,2013,"Animation, Musical, Family, Fantasy, Adventure, Comedy",700597,"2013-12-12","Chris Buck,Jennifer Lee"
tt0080179,8,2025-11-13,"Пьяный мастер","Jui kuen",https://www.imdb.com/title/tt0080179,Movie,7.4,111,1978,"Comedy, Action",46839,"1978-10-05","Yuen Woo-Ping"
tt0108052,10,2025-11-13,"Список Шиндлера","Schindler's List",https://www.imdb.com/title/tt0108052,Movie,9.0,195,1993,"Biography, History, Drama",1557528,"1994-05-21","Steven Spielberg"
tt15239678,8,2025-11-13,"Дюна: Часть вторая","Dune: Part Two",https://www.imdb.com/title/tt15239678,Movie,8.4,166,2024,"Adventure, Drama, Sci-Fi, Action",681586,"2024-02-28","Denis Villeneuve"
tt0110413,8,2025-11-13,"Леон","Léon",https://www.imdb.com/title/tt0110413,Movie,8.5,110,1994,"Action, Drama, Crime, Thriller",1329317,"1998-09-23","Luc Besson"
tt0332452,9,2025-11-12,"Троя","Troy",https://www.imdb.com/title/tt0332452,Movie,7.3,163,2004,"Action, Drama, Adventure",604819,"2004-05-21","Wolfgang Petersen"
tt0088763,9,2025-11-11,"Назад в будущее","Back to the Future",https://www.imdb.com/title/tt0088763,Movie,8.5,116,1985,"Comedy, Sci-Fi, Adventure",1417348,"1991-12-27","Robert Zemeckis"
tt0080761,6,2025-11-11,"Пятница 13","Friday the 13th",https://www.imdb.com/title/tt0080761,Movie,6.4,95,1980,"Mystery, Thriller, Horror",172273,"1980-05-09","Sean S. Cunningham"
tt0087800,8,2025-11-11,"Кошмар на улице Вязов","A Nightmare on Elm Street",https://www.imdb.com/title/tt0087800,Movie,7.4,91,1984,"Horror",286332,"1984-11-16","Wes Craven"
tt0077651,9,2025-11-11,"Хэллоуин","Halloween",https://www.imdb.com/title/tt0077651,Movie,7.7,91,1978,"Thriller, Horror",333849,"1979-12-11","John Carpenter"
tt0072271,7,2025-11-11,"Техасская резня бензопилой","The Texas Chain Saw Massacre",https://www.imdb.com/title/tt0072271,Movie,7.4,83,1974,"Horror",207395,"1974-10-11","Tobe Hooper"
tt5886440,8,2025-11-10,"Обитель теней","Marrowbone",https://www.imdb.com/title/tt5886440,Movie,6.7,110,2017,"Drama, Thriller, Horror, Mystery",47920,"2017-10-27","Sergio G. Sánchez"
tt0362227,8,2025-11-10,"Терминал","The Terminal",https://www.imdb.com/title/tt0362227,Movie,7.4,128,2004,"Drama, Comedy, Romance",525555,"2004-10-14","Steven Spielberg"
tt0099088,8,2025-11-10,"Назад в будущее 3","Back to the Future Part III",https://www.imdb.com/title/tt0099088,Movie,7.5,118,1990,"Adventure, Sci-Fi, Comedy, Western",510614,"1990-05-25","Robert Zemeckis"
tt2015381,8,2025-11-10,"Стражи Галактики","Guardians of the Galaxy",https://www.imdb.com/title/tt2015381,Movie,8.0,121,2014,"Sci-Fi, Action, Adventure, Comedy",1341742,"2014-07-31","James Gunn"
tt1392170,8,2025-11-10,"Голодные игры","The Hunger Games",https://www.imdb.com/title/tt1392170,Movie,7.2,142,2012,"Adventure, Sci-Fi, Thriller, Action",1062463,"2012-03-22","Gary Ross"
tt8111088,8,2025-11-10,"Мандалорец","The Mandalorian",https://www.imdb.com/title/tt8111088,TV Series,8.6,40,2019,"Sci-Fi, Action, Adventure, Fantasy",640658,"2019-11-12",
tt0107290,8,2025-11-10,"Парк юрского периода","Jurassic Park",https://www.imdb.com/title/tt0107290,Movie,8.2,127,1993,"Thriller, Action, Sci-Fi, Adventure",1152459,"1993-10-20","Steven Spielberg"
tt1745960,8,2025-11-10,"Топ Ган. Мэверик","Top Gun: Maverick",https://www.imdb.com/title/tt1745960,Movie,8.2,130,2022,"Action, Drama",813908,"2022-05-27","Joseph Kosinski"
tt0241527,8,2025-11-10,"Гарри Поттер и философский камень","Harry Potter and the Sorcerer's Stone",https://www.imdb.com/title/tt0241527,Movie,7.7,152,2001,"Family, Adventure, Fantasy",926972,"2002-03-21","Chris Columbus"
tt5180504,8,2025-11-10,"Ведьмак","The Witcher",https://www.imdb.com/title/tt5180504,TV Series,7.9,60,2019,"Adventure, Fantasy, Mystery, Action, Drama",610902,"2019-12-20",
tt0093058,8,2025-11-10,"Цельнометаллическая оболочка","Full Metal Jacket",https://www.imdb.com/title/tt0093058,Movie,8.2,116,1987,"Drama, War",837610,"1987-07-10","Stanley Kubrick"
tt0253474,10,2025-11-10,"Пианист","The Pianist",https://www.imdb.com/title/tt0253474,Movie,8.5,150,2002,"Biography, Music, Drama, War",991780,"2003-05-01","Roman Polanski"
tt5090568,5,2025-11-10,"Трансформеры. Восхождение Звероботов","Transformers: Rise of the Beasts",https://www.imdb.com/title/tt5090568,Movie,6.0,127,2023,"Action, Adventure, Sci-Fi",127619,"2023-06-08","Steven Caple Jr."
tt9619824,5,2025-11-10,"Пункт назначения: Узы крови","Final Destination Bloodlines",https://www.imdb.com/title/tt9619824,Movie,6.7,110,2025,"Horror, Thriller",141452,"2025-05-16","Zach Lipovsky,Adam B. Stein"
tt6791350,7,2025-11-10,"Стражи Галактики. Часть 3","Guardians of the Galaxy Vol. 3",https://www.imdb.com/title/tt6791350,Movie,7.9,150,2023,"Action, Adventure, Sci-Fi, Comedy",453176,"2023-05-03","James Gunn"
tt32252772,8,2025-11-10,"Декстер: Первородный грех","Dexter: Original Sin",https://www.imdb.com/title/tt32252772,TV Series,8.2,60,2024,"Crime, Drama, Mystery",57390,"2024-12-13",
tt0172495,10,2025-11-10,"Гладиатор","Gladiator",https://www.imdb.com/title/tt0172495,Movie,8.5,155,2000,"Adventure, Drama, Action",1808060,"2000-05-18","Ridley Scott"
tt1677720,7,2025-11-10,"Первому игроку приготовиться","Ready Player One",https://www.imdb.com/title/tt1677720,Movie,7.4,140,2018,"Sci-Fi, Action, Adventure",530488,"2018-03-29","Steven Spielberg"
tt8332922,5,2025-11-09,"Тихое место 2","A Quiet Place Part II",https://www.imdb.com/title/tt8332922,Movie,7.2,97,2020,"Drama, Thriller, Sci-Fi, Horror",313993,"2021-06-03","John Krasinski"
tt6644200,7,2025-11-09,"Тихое место","A Quiet Place",https://www.imdb.com/title/tt6644200,Movie,7.5,90,2018,"Drama, Horror, Sci-Fi",644510,"2018-04-12","John Krasinski"
tt8664988,4,2025-11-09,"Аванпост","Avanpost",https://www.imdb.com/title/tt8664988,Movie,6.0,127,2019,"Sci-Fi, Thriller, Action",11830,"2019-11-21","Egor Baranov"
tt7991608,5,2025-11-09,"Красное уведомление","Red Notice",https://www.imdb.com/title/tt7991608,Movie,6.3,118,2021,"Action, Comedy, Thriller",347223,"2021-11-12","Rawson Marshall Thurber"
tt7550000,7,2025-11-09,"Проект Power","Project Power",https://www.imdb.com/title/tt7550000,Movie,6.0,113,2020,"Thriller, Sci-Fi, Action, Crime",102517,"2020-08-19","Henry Joost,Ariel Schulman"
tt12263384,6,2025-11-09,"Тайлер Рейк. Операция по спасению 2","Extraction 2",https://www.imdb.com/title/tt12263384,Movie,7.0,122,2023,"Action, Thriller, Crime",168754,"2023-06-16","Sam Hargrave"
tt8106534,7,2025-11-09,"Призрачная шестёрка","6 Underground",https://www.imdb.com/title/tt8106534,Movie,6.1,128,2019,"Action, Thriller",208352,"2019-12-13","Michael Bay"
tt8936646,8,2025-11-09,"Тайлер Рейк: Операция по спасению","Extraction",https://www.imdb.com/title/tt8936646,Movie,6.8,116,2020,"Action, Thriller, Crime",284497,"2020-04-25","Sam Hargrave"
tt14961624,4,2025-11-09,"Бессмертная гвардия 2","The Old Guard 2",https://www.imdb.com/title/tt14961624,Movie,5.1,107,2025,"Action, Adventure, Fantasy, Thriller",41760,"2025-07-02","Victoria Mahoney"
tt7556122,6,2025-11-09,"Бессмертная гвардия","The Old Guard",https://www.imdb.com/title/tt7556122,Movie,6.7,125,2020,"Action, Thriller",207097,"2020-07-10","Gina Prince-Bythewood"
tt4495098,7,2025-11-09,"Гран Туризмо","Gran Turismo",https://www.imdb.com/title/tt4495098,Movie,7.1,134,2023,"Action, Adventure, Drama, Sport",129993,"2023-08-25","Neill Blomkamp"
tt2084970,7,2025-11-09,"Игра в имитацию","The Imitation Game",https://www.imdb.com/title/tt2084970,Movie,8.0,114,2014,"Drama, Biography, Thriller, War",865968,"2015-02-05","Morten Tyldum"
tt5753856,7,2025-11-09,"Тьма","Dark",https://www.imdb.com/title/tt5753856,TV Series,8.7,60,2017,"Mystery, Crime, Drama, Thriller, Sci-Fi",514532,"2017-12-01",
tt0246578,9,2025-11-09,"Донни Дарко","Donnie Darko",https://www.imdb.com/title/tt0246578,Movie,8.0,113,2001,"Sci-Fi, Thriller, Mystery, Drama",897685,"2001-01-19","Richard Kelly"
tt0309698,9,2025-11-09,"Идентификация","Identity",https://www.imdb.com/title/tt0309698,Movie,7.3,90,2003,"Thriller, Mystery",286757,"2003-04-25","James Mangold"
tt0120689,9,2025-11-09,"Зелёная миля","The Green Mile",https://www.imdb.com/title/tt0120689,Movie,8.6,189,1999,"Crime, Fantasy, Mystery, Drama",1525348,"2000-04-18","Frank Darabont"
tt0477348,9,2025-11-09,"Старикам тут не место","No Country for Old Men",https://www.imdb.com/title/tt0477348,Movie,8.2,122,2007,"Thriller, Crime, Drama",1158702,"2008-01-31","Ethan Coen,Joel Coen"
tt33043892,9,2025-11-09,"Декстер: Воскрешение","Dexter: Resurrection",https://www.imdb.com/title/tt33043892,TV Series,9.1,50,2025,"Crime, Thriller, Drama",110600,"2025-07-11",
tt0167404,10,2025-11-09,"Шестое чувство","The Sixth Sense",https://www.imdb.com/title/tt0167404,Movie,8.2,107,1999,"Mystery, Drama, Thriller",1123574,"2000-02-25","M. Night Shyamalan"
tt1131748,8,2025-11-08,"Побег из тюрьмы: Финальный побег","Prison Break: The Final Break",https://www.imdb.com/title/tt1131748,Video,7.8,89,2009,"Action, Drama, Thriller",28431,"2009-07-21","Kevin Hooks,Brad Turner"
tt0455275,9,2025-11-08,"Побег","Prison Break",https://www.imdb.com/title/tt0455275,TV Series,8.3,44,2005,"Mystery, Thriller, Crime, Drama, Action",648870,"2005-08-29",
tt6317068,9,2025-11-08,"Крайний космос","Final Space",https://www.imdb.com/title/tt6317068,TV Series,8.2,30,2018,"Animation, Adventure, Comedy, Sci-Fi, Action, Drama, Fantasy",50589,"2018-02-26",
tt9813792,6,2025-11-08,"Извне","From",https://www.imdb.com/title/tt9813792,TV Series,7.8,52,2022,"Horror, Sci-Fi, Drama, Mystery, Thriller",158165,"2022-02-20",
tt0480249,6,2025-11-08,"Я легенда","I Am Legend",https://www.imdb.com/title/tt0480249,Movie,7.2,101,2007,"Drama, Sci-Fi, Thriller, Horror",863665,"2008-02-07","Francis Lawrence"
tt1211837,7,2025-11-08,"Доктор Стрэндж","Doctor Strange",https://www.imdb.com/title/tt1211837,Movie,7.5,115,2016,"Fantasy, Adventure, Action, Sci-Fi",864071,"2016-10-31","Scott Derrickson"
tt2380307,8,2025-11-08,"Тайна Коко","Coco",https://www.imdb.com/title/tt2380307,Movie,8.4,105,2017,"Animation, Family, Adventure, Fantasy, Mystery, Music, Drama",680312,"2017-11-23","Lee Unkrich,Adrian Molina"
tt14948432,5,2025-11-08,"Миссия «Красный»","Red One",https://www.imdb.com/title/tt14948432,Movie,6.2,123,2024,"Action, Adventure, Comedy, Mystery, Fantasy",146635,"2024-11-15","Jake Kasdan"
tt1853728,9,2025-11-08,"Джанго освобождённый","Django Unchained",https://www.imdb.com/title/tt1853728,Movie,8.5,165,2012,"Western, Drama",1839405,"2013-01-17","Quentin Tarantino"
tt2119532,9,2025-11-08,"По соображениям совести","Hacksaw Ridge",https://www.imdb.com/title/tt2119532,Movie,8.1,139,2016,"Drama, War, History, Biography",660112,"2016-11-17","Mel Gibson"
tt2713180,8,2025-11-08,"Ярость","Fury",https://www.imdb.com/title/tt2713180,Movie,7.6,134,2014,"Action, Drama, War",593909,"2014-10-30","David Ayer"
tt6966692,9,2025-11-07,"Зеленая книга","Green Book",https://www.imdb.com/title/tt6966692,Movie,8.2,130,2018,"Drama, Biography, Comedy, Music",662136,"2019-01-24","Peter Farrelly"
tt0318871,9,2025-11-07,"Берсерк","Kenpuu Denki Berserk",https://www.imdb.com/title/tt0318871,TV Series,8.7,23,1997,"Animation, Adventure, Fantasy, Horror, Action, Drama, Romance",72403,"1997-10-07",
tt13616990,8,2025-11-07,"Человек-бензопила","Chainsaw Man",https://www.imdb.com/title/tt13616990,TV Series,8.3,24,2022,"Animation, Action, Comedy, Fantasy",88704,"2022-10-12",
tt1132620,8,2025-11-07,"Девушка с татуировкой дракона","Män som hatar kvinnor",https://www.imdb.com/title/tt1132620,Movie,7.8,152,2009,"Thriller, Mystery, Drama, Crime",228768,"2010-09-02","Niels Arden Oplev"
tt1300854,6,2025-11-07,"Железный человек 3","Iron Man Three",https://www.imdb.com/title/tt1300854,Movie,7.1,130,2013,"Action, Adventure, Sci-Fi",949484,"2013-05-02","Shane Black"
tt0075314,8,2025-11-07,"Таксист","Taxi Driver",https://www.imdb.com/title/tt0075314,Movie,8.2,114,1976,"Crime, Drama",1003613,"2021-06-24","Martin Scorsese"
tt7181546,6,2025-11-07,"Балерина","Ballerina",https://www.imdb.com/title/tt7181546,Movie,6.9,124,2025,"Action, Thriller",119197,"2025-06-05","Len Wiseman"
tt10638522,7,2025-11-07,"Два, три, демон, приди!","Talk to Me",https://www.imdb.com/title/tt10638522,Movie,7.1,95,2022,"Horror, Thriller",204831,"2023-08-10","Danny Philippou,Michael Philippou"
tt10039344,4,2025-11-07,"Обратный отсчёт","Countdown",https://www.imdb.com/title/tt10039344,Movie,5.4,90,2019,"Thriller, Horror",51510,"2019-10-24","Justin Dec"
tt0137523,10,2025-11-07,"Бойцовский клуб","Fight Club",https://www.imdb.com/title/tt0137523,Movie,8.8,139,1999,"Drama, Crime, Thriller",2538401,"2000-01-13","David Fincher"
tt0093894,8,2025-11-06,"Бегущий человек","The Running Man",https://www.imdb.com/title/tt0093894,Movie,6.6,101,1987,"Thriller, Sci-Fi, Action",183680,"1987-11-16","Paul Michael Glaser"
tt2442560,9,2025-11-06,"Острые козырьки","Peaky Blinders",https://www.imdb.com/title/tt2442560,TV Series,8.7,60,2013,"Drama, Crime",739649,"2013-09-12",
tt10403420,6,2025-11-06,"Ужасающий 2","Terrifier 2",https://www.imdb.com/title/tt10403420,Movie,6.0,138,2022,"Horror",79406,"2022-10-27","Damien Leone"
tt4281724,6,2025-11-06,"Ужасающий","Terrifier",https://www.imdb.com/title/tt4281724,Movie,5.5,85,2016,"Horror",91318,"2022-09-29","Damien Leone"
tt0073650,3,2025-11-06,"Сало, или 120 дней Содома","Salò o le 120 giornate di Sodoma",https://www.imdb.com/title/tt0073650,Movie,5.8,117,1975,"Drama",71150,"1976-01-10","Pier Paolo Pasolini"
tt1003080,7,2025-11-06,"Зелёный слоник","Zelyonyy slonik",https://www.imdb.com/title/tt1003080,Movie,5.3,90,1999,"Horror, Thriller, Comedy",3793,"1999-12-07","Svetlana Baskova"
tt0133093,9,2025-11-06,"Матрица","The Matrix",https://www.imdb.com/title/tt0133093,Movie,8.7,136,1999,"Action, Sci-Fi",2203521,"1999-10-14","Lana Wachowski,Lilly Wachowski"
tt0490086,8,2025-11-06,"Большой Стэн","Big Stan",https://www.imdb.com/title/tt0490086,Movie,6.2,105,2007,"Comedy, Action",51027,"2008-06-12","Rob Schneider"
tt4467626,4,2025-11-06,"Пугающая кампания","Scare Campaign",https://www.imdb.com/title/tt4467626,Movie,5.8,80,2016,"Horror",4280,"2016-10-25","Cameron Cairnes,Colin Cairnes"
tt1130884,10,2025-11-06,"Остров проклятых","Shutter Island",https://www.imdb.com/title/tt1130884,Movie,8.2,138,2010,"Thriller, Mystery, Drama",1597049,"2010-02-18","Martin Scorsese"
tt0167260,10,2025-11-06,"Властелин колец: Возвращение короля","The Lord of the Rings: The Return of the King",https://www.imdb.com/title/tt0167260,Movie,9.0,201,2003,"Drama, Adventure, Fantasy",2121454,"2004-01-22","Peter Jackson"
tt0167261,9,2025-11-06,"Властелин колец: Две крепости","The Lord of the Rings: The Two Towers",https://www.imdb.com/title/tt0167261,Movie,8.8,179,2002,"Drama, Adventure, Fantasy",1914884,"2003-01-23","Peter Jackson"
tt2560140,9,2025-11-06,"Атака титанов","Shingeki no Kyojin",https://www.imdb.com/title/tt2560140,TV Series,9.1,24,2013,"Animation, Fantasy, Horror, Adventure, Drama, Action",661987,"2013-04-07",
tt0112384,9,2025-11-06,"Аполлон 13","Apollo 13",https://www.imdb.com/title/tt0112384,Movie,7.7,140,1995,"Adventure, History, Drama",331647,"1995-06-30","Ron Howard"
tt1520211,9,2025-11-06,"Ходячие мертвецы","The Walking Dead",https://www.imdb.com/title/tt1520211,TV Series,8.1,45,2010,"Horror, Drama, Thriller",1169127,"2010-10-31",
tt0076759,9,2025-11-06,"Звёздные войны","Star Wars",https://www.imdb.com/title/tt0076759,Movie,8.6,121,1977,"Sci-Fi, Adventure, Fantasy, Action",1542063,"1990-09","George Lucas"
tt0482571,10,2025-11-05,"Престиж","The Prestige",https://www.imdb.com/title/tt0482571,Movie,8.5,130,2006,"Drama, Thriller, Mystery, Sci-Fi",1553521,"2007-01-18","Christopher Nolan"
tt5052448,10,2025-11-05,"Прочь","Get Out",https://www.imdb.com/title/tt5052448,Movie,7.8,104,2017,"Horror, Mystery, Thriller",789912,"2017-05-11","Jordan Peele"
tt22022452,6,2025-10-23,"Головоломка 2","Inside Out 2",https://www.imdb.com/title/tt22022452,Movie,7.5,96,2024,"Animation, Adventure, Comedy, Drama, Family, Fantasy, Sport",236056,"2024-06-14","Kelsey Mann"
tt1119646,9,2025-10-23,"Мальчишник в Вегасе","The Hangover",https://www.imdb.com/title/tt1119646,Movie,7.7,100,2009,"Comedy",909606,"2009-06-11","Todd Phillips"
tt3581920,6,2025-10-23,"Одни из нас","The Last of Us",https://www.imdb.com/title/tt3581920,TV Series,8.5,50,2023,"Adventure, Horror, Drama, Thriller, Sci-Fi, Action",707462,"2023-01-15",
tt2005151,8,2025-10-23,"Парни со стволами","War Dogs",https://www.imdb.com/title/tt2005151,Movie,7.1,114,2016,"Comedy, Drama, War, Crime, Biography",288345,"2016-08-18","Todd Phillips"
tt0119472,9,2025-10-20,"Достучаться до небес","Knockin' on Heaven's Door",https://www.imdb.com/title/tt0119472,Movie,7.8,87,1997,"Crime, Drama, Comedy, Action",36171,"1997-02-20","Thomas Jahn"
tt0068646,10,2025-10-18,"Крестный отец","The Godfather",https://www.imdb.com/title/tt0068646,Movie,9.2,175,1972,"Crime, Drama",2178494,"1972-03-24","Francis Ford Coppola"
tt2948356,8,2025-10-17,"Зверополис","Zootopia",https://www.imdb.com/title/tt2948356,Movie,8.0,108,2016,"Animation, Crime, Action, Mystery, Adventure, Family, Comedy",597888,"2016-03-03","Byron Howard,Rich Moore,Jared Bush"
tt5071412,9,2025-10-17,"Озарк","Ozark",https://www.imdb.com/title/tt5071412,TV Series,8.4,60,2017,"Drama, Crime, Thriller",381594,"2017-07-21",
tt21382296,7,2025-10-17,"Ручная кладь","Carry-On",https://www.imdb.com/title/tt21382296,Movie,6.5,119,2024,"Action, Thriller, Crime",183515,"2024-12-13","Jaume Collet-Serra"
tt0758752,8,2025-10-16,"Любовь и другие лекарства","Love & Other Drugs",https://www.imdb.com/title/tt0758752,Movie,6.7,112,2010,"Drama, Comedy, Romance",244594,"2011-01-27","Edward Zwick"
tt10366206,6,2025-10-16,"Джон Уик 4","John Wick: Chapter 4",https://www.imdb.com/title/tt10366206,Movie,7.6,169,2023,"Action, Crime, Thriller",398118,"2023-03-23","Chad Stahelski"
tt5537002,7,2025-10-16,"Убийцы цветочной луны","Killers of the Flower Moon",https://www.imdb.com/title/tt5537002,Movie,7.5,206,2023,"Drama, Crime, History, Western",295140,"2023-11-25","Martin Scorsese"
tt3890160,7,2025-10-16,"Малыш на драйве","Baby Driver",https://www.imdb.com/title/tt3890160,Movie,7.5,113,2017,"Action, Music, Crime, Drama",668467,"2017-08-24","Edgar Wright"
tt7984734,8,2025-10-15,"Маяк","The Lighthouse",https://www.imdb.com/title/tt7984734,Movie,7.4,109,2019,"Drama, Fantasy, Mystery, Thriller, Horror",293736,"2020-01-16","Robert Eggers"
tt0377109,5,2025-10-15,"Звонок 2","The Ring Two",https://www.imdb.com/title/tt0377109,Movie,5.4,110,2005,"Horror, Mystery",104962,"2005-04-07","Hideo Nakata"
tt4731136,5,2025-10-15,"Лекарство от здоровья","A Cure for Wellness",https://www.imdb.com/title/tt4731136,Movie,6.4,146,2016,"Thriller, Mystery, Drama, Fantasy, Horror, Sci-Fi",120439,"2017-03-30","Gore Verbinski"
tt6924650,6,2025-10-15,"Мидуэй","Midway",https://www.imdb.com/title/tt6924650,Movie,6.7,138,2019,"Action, Drama, History, War",103080,"2019-11-14","Roland Emmerich"
tt2861424,9,2025-10-15,"Рик и Морти","Rick and Morty",https://www.imdb.com/title/tt2861424,TV Series,9.0,23,2013,"Animation, Adventure, Comedy, Sci-Fi",675096,"2014-09-08",
tt5606664,7,2025-10-15,"Доктор Сон","Doctor Sleep",https://www.imdb.com/title/tt5606664,Movie,7.3,152,2019,"Horror, Drama, Thriller, Fantasy",238704,"2019-11-07","Mike Flanagan"
tt14688458,8,2025-10-15,"Укрытие","Silo",https://www.imdb.com/title/tt14688458,TV Series,8.1,49,2023,"Drama, Sci-Fi, Mystery",200070,"2023-05-05",
tt0096874,9,2025-10-15,"Назад в будущее 2","Back to the Future Part II",https://www.imdb.com/title/tt0096874,Movie,7.8,108,1989,"Adventure, Sci-Fi, Comedy",610353,"1989-11-22","Robert Zemeckis"
tt7975244,7,2025-10-15,"Джуманджи: Новый уровень","Jumanji: The Next Level",https://www.imdb.com/title/tt7975244,Movie,6.6,123,2019,"Action, Adventure, Comedy, Fantasy",311469,"2019-12-12","Jake Kasdan"
tt0086250,10,2025-10-15,"Лицо со шрамом","Scarface",https://www.imdb.com/title/tt0086250,Movie,8.3,170,1983,"Crime, Drama",993027,"1983-12-09","Brian De Palma"
tt1667889,4,2025-10-15,"Ледниковый период 4: Континентальный дрейф","Ice Age: Continental Drift",https://www.imdb.com/title/tt1667889,Movie,6.5,88,2012,"Animation, Comedy, Adventure, Family",239432,"2012-06-28","Steve Martino,Michael Thurmeier"
tt1981115,5,2025-10-15,"Тор 2: Царство тьмы","Thor: The Dark World",https://www.imdb.com/title/tt1981115,Movie,6.7,112,2013,"Action, Adventure, Fantasy, Sci-Fi",765309,"2013-11-07","Alan Taylor"
tt0120382,9,2025-10-14,"Шоу Трумана","The Truman Show",https://www.imdb.com/title/tt0120382,Movie,8.2,103,1998,"Comedy, Drama",1330194,"1998-11-05","Peter Weir"
tt2704998,8,2025-10-14,"Ночные игры","Game Night",https://www.imdb.com/title/tt2704998,Movie,6.9,100,2018,"Comedy, Crime, Action, Thriller, Adventure",272113,"2018-02-22","John Francis Daley,Jonathan Goldstein"
tt0315327,7,2025-10-14,"Брюс Всемогущий","Bruce Almighty",https://www.imdb.com/title/tt0315327,Movie,6.8,101,2003,"Fantasy, Comedy",461764,"2003-09-18","Tom Shadyac"
tt0266697,9,2025-10-14,"Убить Билла. Фильм 1","Kill Bill: Vol. 1",https://www.imdb.com/title/tt0266697,Movie,8.2,111,2003,"Action, Thriller, Crime",1277651,"2003-12-04","Quentin Tarantino"
tt2488496,6,2025-10-13,"Звёздные войны: Пробуждение Силы","Star Wars: Episode VII - The Force Awakens",https://www.imdb.com/title/tt2488496,Movie,7.7,138,2015,"Sci-Fi, Action, Adventure",1013305,"2015-12-17","J.J. Abrams"
tt1431045,8,2025-10-13,"Дэдпул","Deadpool",https://www.imdb.com/title/tt1431045,Movie,8.0,108,2016,"Action, Sci-Fi, Comedy",1231954,"2016-02-11","Tim Miller"
tt0369610,7,2025-10-13,"Мир Юрского периода","Jurassic World",https://www.imdb.com/title/tt0369610,Movie,6.9,124,2015,"Adventure, Sci-Fi, Action",717875,"2015-06-11","Colin Trevorrow"
tt0163025,4,2025-10-13,"Парк юрского периода III","Jurassic Park III",https://www.imdb.com/title/tt0163025,Movie,6.0,92,2001,"Action, Sci-Fi, Thriller, Adventure",363548,"2001-08-24","Joe Johnston"
tt4881806,5,2025-10-13,"Мир Юрского периода 2","Jurassic World: Fallen Kingdom",https://www.imdb.com/title/tt4881806,Movie,6.1,128,2018,"Action, Adventure, Sci-Fi",373021,"2018-06-07","J.A. Bayona"
tt0081505,8,2025-10-13,"Сияние","The Shining",https://www.imdb.com/title/tt0081505,Movie,8.4,146,1980,"Drama, Horror",1197972,"2020-10-29","Stanley Kubrick"
tt0905372,7,2025-10-13,"Нечто","The Thing",https://www.imdb.com/title/tt0905372,Movie,6.2,103,2011,"Horror, Mystery, Sci-Fi",152900,"2011-10-20","Matthijs van Heijningen Jr."
tt1843866,6,2025-10-13,"Первый мститель: Другая война","Captain America: The Winter Soldier",https://www.imdb.com/title/tt1843866,Movie,7.7,136,2014,"Action, Adventure, Sci-Fi, Thriller",955072,"2014-04-03","Anthony Russo,Joe Russo"
tt0499549,8,2025-10-13,"Аватар","Avatar",https://www.imdb.com/title/tt0499549,Movie,7.9,162,2009,"Sci-Fi, Action, Adventure, Fantasy",1453581,"2009-12-17","James Cameron"
tt14164730,8,2025-10-13,"Декстер: Новая кровь","Dexter: New Blood",https://www.imdb.com/title/tt14164730,TV Mini Series,8.0,60,2021,"Drama, Crime, Mystery",142079,"2021-11-07",
tt0264464,10,2025-10-13,"Поймай меня, если сможешь","Catch Me If You Can",https://www.imdb.com/title/tt0264464,Movie,8.1,141,2002,"Drama, Biography, Crime",1198357,"2003-02-13","Steven Spielberg"
tt12637874,8,2025-10-13,"Фоллаут","Fallout",https://www.imdb.com/title/tt12637874,TV Series,8.3,60,2024,"Action, Adventure, Drama, Sci-Fi",346389,"2024-04-10",
tt6741278,7,2025-10-13,"Неуязвимый","Invincible",https://www.imdb.com/title/tt6741278,TV Series,8.7,50,2021,"Animation, Sci-Fi, Action, Drama, Adventure, Fantasy, Thriller",293548,"2021-03-26",
tt4574334,9,2025-10-13,"Очень странные дела","Stranger Things",https://www.imdb.com/title/tt4574334,TV Series,8.6,60,2016,"Drama, Horror, Thriller, Sci-Fi, Mystery, Fantasy",1508039,"2016-07-15",
tt32246771,5,2025-10-13,"Верни её из мёртвых","Bring Her Back",https://www.imdb.com/title/tt32246771,Movie,7.1,104,2025,"Horror, Mystery",95710,"2025-05-29","Danny Philippou,Michael Philippou"
tt0441773,8,2025-10-13,"Кунг-фу Панда","Kung Fu Panda",https://www.imdb.com/title/tt0441773,Movie,7.6,92,2008,"Animation, Comedy, Action, Adventure, Family, Fantasy",565343,"2008-06-05","Mark Osborne,John Stevenson"
tt0266543,6,2025-10-13,"В поисках Немо","Finding Nemo",https://www.imdb.com/title/tt0266543,Movie,8.2,100,2003,"Animation, Family, Comedy, Adventure",1184307,"2003-12-25","Andrew Stanton,Lee Unkrich"
tt0198781,8,2025-10-13,"Корпорация монстров","Monsters, Inc.",https://www.imdb.com/title/tt0198781,Movie,8.1,92,2001,"Animation, Adventure, Comedy, Family, Fantasy",1052002,"2002-03-22","Pete Docter,David Silverman,Lee Unkrich"
tt0435761,8,2025-10-13,"История игрушек: Большой побег","Toy Story 3",https://www.imdb.com/title/tt0435761,Movie,8.3,103,2010,"Animation, Adventure, Comedy, Family, Fantasy",951467,"2010-06-17","Lee Unkrich"
tt0114709,9,2025-10-13,"История игрушек","Toy Story",https://www.imdb.com/title/tt0114709,Movie,8.3,81,1995,"Animation, Adventure, Comedy, Family, Fantasy",1148983,"1995-12-22","John Lasseter"
tt1856101,8,2025-10-13,"Бегущий по лезвию 2049","Blade Runner 2049",https://www.imdb.com/title/tt1856101,Movie,8.0,164,2017,"Sci-Fi, Thriller, Action, Drama, Mystery",734340,"2017-10-05","Denis Villeneuve"
tt0829482,9,2025-10-13,"SuperПерцы","Superbad",https://www.imdb.com/title/tt0829482,Movie,7.6,113,2007,"Comedy",679397,"2007-09-27","Greg Mottola"
tt0910970,8,2025-10-10,"ВАЛЛ·И","WALL·E",https://www.imdb.com/title/tt0910970,Movie,8.4,98,2008,"Animation, Sci-Fi, Adventure, Family",1291500,"2008-07-03","Andrew Stanton"
tt0382932,8,2025-10-10,"Рататуй","Ratatouille",https://www.imdb.com/title/tt0382932,Movie,8.1,111,2007,"Animation, Comedy, Family, Fantasy, Adventure",915832,"2007-06-28","Brad Bird,Jan Pinkava"
tt1049413,8,2025-10-10,"Вверх","Up",https://www.imdb.com/title/tt1049413,Movie,8.3,96,2009,"Animation, Family, Adventure, Comedy, Drama",1209969,"2009-05-28","Pete Docter,Bob Peterson"
tt0119116,8,2025-10-10,"Пятый элемент","The Fifth Element",https://www.imdb.com/title/tt0119116,Movie,7.6,126,1997,"Adventure, Sci-Fi, Action",535905,"1997-09-25","Luc Besson"
tt7286456,9,2025-10-10,"Джокер","Joker",https://www.imdb.com/title/tt7286456,Movie,8.3,122,2019,"Crime, Drama, Thriller",1654098,"2019-10-03","Todd Phillips"
tt0458339,7,2025-10-10,"Первый мститель","Captain America: The First Avenger",https://www.imdb.com/title/tt0458339,Movie,6.9,124,2011,"Action, Adventure, Sci-Fi",951499,"2011-07-28","Joe Johnston"
tt7587890,8,2025-10-10,"Новичок","The Rookie",https://www.imdb.com/title/tt7587890,TV Series,8.0,43,2018,"Crime, Drama, Action",114269,"2018-10-16",
tt8579674,7,2025-10-10,"1917","1917",https://www.imdb.com/title/tt8579674,Movie,8.2,119,2019,"War, Drama, Action",750529,"2020-01-30","Sam Mendes"
tt0317705,8,2025-10-10,"Суперсемейка","The Incredibles",https://www.imdb.com/title/tt0317705,Movie,8.0,115,2004,"Animation, Action, Adventure, Family",880075,"2004-12-23","Brad Bird"
tt0103064,9,2025-10-10,"Терминатор 2: Судный день","Terminator 2: Judgment Day",https://www.imdb.com/title/tt0103064,Movie,8.6,137,1991,"Adventure, Sci-Fi, Action",1260434,"1991-07-03","James Cameron"
tt0109830,9,2025-10-09,"Форрест Гамп","Forrest Gump",https://www.imdb.com/title/tt0109830,Movie,8.8,142,1994,"Romance, Drama",2440367,"2020-02-13","Robert Zemeckis"
tt0126029,9,2025-10-09,"Шрек","Shrek",https://www.imdb.com/title/tt0126029,Movie,7.9,90,2001,"Animation, Fantasy, Comedy, Family, Adventure, Romance",792952,"2001-10-31","Andrew Adamson,Vicky Jenson"
tt0104431,7,2025-10-09,"Один дома 2: Затерянный в Нью-Йорке","Home Alone 2: Lost in New York",https://www.imdb.com/title/tt0104431,Movie,6.9,120,1992,"Adventure, Crime, Comedy, Family",438404,"1994-12-23","Chris Columbus"
tt0926084,6,2025-10-09,"Гарри Поттер и Дары смерти: Часть I","Harry Potter and the Deathly Hallows: Part 1",https://www.imdb.com/title/tt0926084,Movie,7.7,146,2010,"Adventure, Mystery, Fantasy, Family",647555,"2010-11-19","David Yates"
tt0417741,6,2025-10-09,"Гарри Поттер и Принц-полукровка","Harry Potter and the Half-Blood Prince",https://www.imdb.com/title/tt0417741,Movie,7.6,153,2009,"Action, Fantasy, Mystery, Family, Adventure",643614,"2009-07-16","David Yates"
tt0373889,6,2025-10-09,"Гарри Поттер и Орден Феникса","Harry Potter and the Order of the Phoenix",https://www.imdb.com/title/tt0373889,Movie,7.5,138,2007,"Action, Family, Fantasy, Mystery, Adventure",683033,"2007-07-19","David Yates"
tt0330373,8,2025-10-09,"Гарри Поттер и кубок огня","Harry Potter and the Goblet of Fire",https://www.imdb.com/title/tt0330373,Movie,7.7,157,2005,"Mystery, Family, Adventure, Fantasy",734756,"2005-12-22","Mike Newell"
tt0304141,9,2025-10-09,"Гарри Поттер и узник Азкабана","Harry Potter and the Prisoner of Azkaban",https://www.imdb.com/title/tt0304141,Movie,7.9,142,2004,"Mystery, Family, Adventure, Fantasy",748216,"2004-06-04","Alfonso Cuarón"
tt0295297,7,2025-10-09,"Гарри Поттер и тайная комната","Harry Potter and the Chamber of Secrets",https://www.imdb.com/title/tt0295297,Movie,7.5,161,2002,"Mystery, Family, Adventure, Fantasy",747920,"2002-12-24","Chris Columbus"
tt1723121,8,2025-10-09,"Мы - Миллеры","We're the Millers",https://www.imdb.com/title/tt1723121,Movie,7.0,110,2013,"Comedy, Crime",516215,"2013-08-15","Rawson Marshall Thurber"
tt3531824,7,2025-10-09,"Нерв","Nerve",https://www.imdb.com/title/tt3531824,Movie,6.5,96,2016,"Thriller, Crime, Adventure, Drama",145895,"2016-09-15","Henry Joost,Ariel Schulman"
tt2395427,6,2025-10-09,"Мстители: Эра Альтрона","Avengers: Age of Ultron",https://www.imdb.com/title/tt2395427,Movie,7.3,141,2015,"Action, Adventure, Sci-Fi",980977,"2015-04-23","Joss Whedon"
tt3498820,7,2025-10-09,"Первый мститель: Противостояние","Captain America: Civil War",https://www.imdb.com/title/tt3498820,Movie,7.8,147,2016,"Action, Sci-Fi",909424,"2016-05-05","Anthony Russo,Joe Russo"
tt0848228,8,2025-10-09,"Мстители","The Avengers",https://www.imdb.com/title/tt0848228,Movie,8.0,143,2012,"Action, Sci-Fi",1533961,"2012-05-03","Joss Whedon"
tt6320628,7,2025-10-09,"Человек-паук: Вдали от дома","Spider-Man: Far from Home",https://www.imdb.com/title/tt6320628,Movie,7.3,129,2019,"Action, Adventure, Sci-Fi, Comedy, Fantasy",618997,"2019-07-04","Jon Watts"
tt10872600,8,2025-10-09,"Человек-паук: Нет пути домой","Spider-Man: No Way Home",https://www.imdb.com/title/tt10872600,Movie,8.2,148,2021,"Action, Adventure, Sci-Fi, Fantasy",987385,"2021-12-15","Jon Watts"
tt2250912,7,2025-10-09,"Человек-паук: Возвращение домой","Spider-Man: Homecoming",https://www.imdb.com/title/tt2250912,Movie,7.4,133,2017,"Action, Sci-Fi, Adventure",778387,"2017-07-06","Jon Watts"
tt0413300,5,2025-10-09,"Человек-паук 3: Враг в отражении","Spider-Man 3",https://www.imdb.com/title/tt0413300,Movie,6.3,139,2007,"Action, Sci-Fi, Adventure",685476,"2007-05-03","Sam Raimi"
tt0316654,7,2025-10-09,"Человек-паук 2","Spider-Man 2",https://www.imdb.com/title/tt0316654,Movie,7.5,127,2004,"Sci-Fi, Adventure, Action",766787,"2004-06-30","Sam Raimi"
tt6334354,8,2025-10-09,"Отряд самоубийц. Миссия навылет","The Suicide Squad",https://www.imdb.com/title/tt6334354,Movie,7.2,132,2021,"Action, Adventure, Sci-Fi, Comedy",449291,"2021-08-05","James Gunn"
tt0083944,9,2025-10-09,"Рэмбо: Первая кровь","First Blood",https://www.imdb.com/title/tt0083944,Movie,7.7,93,1982,"Adventure, Thriller, Action",295541,"1990-07-16","Ted Kotcheff"
tt10919420,8,2025-10-07,"Игра в кальмара","Ojing-eo geim",https://www.imdb.com/title/tt10919420,TV Series,8.0,60,2021,"Mystery, Thriller, Drama, Action, Crime",728002,"2021-09-17",
tt0773262,9,2025-10-07,"Декстер","Dexter",https://www.imdb.com/title/tt0773262,TV Series,8.6,60,2006,"Crime, Drama, Mystery, Thriller",893271,"2006-10-01",
tt6468322,8,2025-10-07,"Бумажный дом","La casa de papel",https://www.imdb.com/title/tt6468322,TV Series,8.2,60,2017,"Thriller, Crime, Mystery, Action, Drama",588425,"2017-05-02",
tt0455590,9,2025-10-05,"Последний король Шотландии","The Last King of Scotland",https://www.imdb.com/title/tt0455590,Movie,7.6,123,2006,"Drama, Biography, History, Thriller",203588,"2007-01-12","Kevin Macdonald"
tt4972582,8,2025-10-05,"Сплит","Split",https://www.imdb.com/title/tt4972582,Movie,7.3,117,2016,"Thriller, Horror",608225,"2017-03-16","M. Night Shyamalan"
tt1877830,7,2025-10-04,"Бэтмен","The Batman",https://www.imdb.com/title/tt1877830,Movie,7.8,176,2022,"Action, Crime, Drama, Thriller, Mystery",903037,"2022-06-16","Matt Reeves"
tt1325004,5,2025-10-04,"Сумерки. Сага. Затмение","The Twilight Saga: Eclipse",https://www.imdb.com/title/tt1325004,Movie,5.1,124,2010,"Romance, Fantasy, Drama, Action, Adventure, Thriller, Mystery",276592,"2010-06-30","David Slade"
tt4846232,7,2025-10-04,"Хорошее время","Good Time",https://www.imdb.com/title/tt4846232,Movie,7.3,102,2017,"Crime, Drama, Thriller",150746,"2017-09-28","Benny Safdie,Josh Safdie"
tt0084787,9,2025-10-02,"Нечто","The Thing",https://www.imdb.com/title/tt0084787,Movie,8.2,109,1982,"Mystery, Sci-Fi, Horror",514347,"1982-06-28","John Carpenter"
tt0493464,7,2025-10-01,"Особо опасен","Wanted",https://www.imdb.com/title/tt0493464,Movie,6.7,110,2008,"Action, Thriller, Crime",424767,"2008-06-26","Timur Bekmambetov"
tt1179034,7,2025-10-01,"Из Парижа с любовью","From Paris with Love",https://www.imdb.com/title/tt1179034,Movie,6.4,92,2010,"Action, Thriller, Crime",125708,"2010-02-04","Pierre Morel"
tt13654226,7,2025-10-01,"Ущелье","The Gorge",https://www.imdb.com/title/tt13654226,Movie,6.7,127,2025,"Action, Romance, Sci-Fi, Adventure, Horror",151839,"2025-02-14","Scott Derrickson"
tt11628854,4,2025-10-01,"Тихая ночь","Silent Night",https://www.imdb.com/title/tt11628854,Movie,5.8,92,2021,"Drama, Comedy, Horror",23718,"2021-12-02","Camille Griffin"
tt0448011,7,2025-10-01,"Знамение","Knowing",https://www.imdb.com/title/tt0448011,Movie,6.2,121,2009,"Thriller, Sci-Fi, Mystery",259379,"2009-03-19","Alex Proyas"
tt26753003,5,2025-10-01,"Ловушка","Trap",https://www.imdb.com/title/tt26753003,Movie,5.8,105,2024,"Thriller, Mystery, Crime, Horror",155170,"2024-08-02","M. Night Shyamalan"
tt5322012,3,2025-10-01,"Бойся своих желаний","Wish Upon",https://www.imdb.com/title/tt5322012,Movie,5.1,90,2017,"Fantasy, Horror, Thriller, Mystery, Drama",25240,"2017-07-14","John R. Leonetti"
tt2474976,4,2025-10-01,"Из тьмы","The Hallow",https://www.imdb.com/title/tt2474976,Movie,5.7,97,2015,"Horror, Thriller, Fantasy",19752,"2016-02-18","Corin Hardy"
tt0475784,8,2025-10-01,"Мир Дикого Запада","Westworld",https://www.imdb.com/title/tt0475784,TV Series,8.4,60,2016,"Sci-Fi, Drama, Mystery",553248,"2016-10-02",
tt1314655,6,2025-10-01,"Дьявол","Devil",https://www.imdb.com/title/tt1314655,Movie,6.3,80,2010,"Mystery, Horror, Thriller",164527,"2010-09-23","John Erick Dowdle"
tt22939186,6,2025-10-01,"Судная ночь в Аркадии","Arcadian",https://www.imdb.com/title/tt22939186,Movie,5.5,92,2024,"Thriller, Action, Horror, Drama, Sci-Fi",26401,"2024-04-18","Benjamin Brewer"
tt0884328,8,2025-10-01,"Мгла","The Mist",https://www.imdb.com/title/tt0884328,Movie,7.1,126,2007,"Horror, Sci-Fi, Thriller",367060,"2007-11-22","Frank Darabont"
tt8946378,9,2025-10-01,"Достать ножи","Knives Out",https://www.imdb.com/title/tt8946378,Movie,7.9,130,2019,"Crime, Mystery, Thriller, Drama, Comedy",837852,"2019-11-28","Rian Johnson"
tt1637725,8,2025-10-01,"Третий лишний","Ted",https://www.imdb.com/title/tt1637725,Movie,6.9,106,2012,"Comedy",698090,"2012-08-02","Seth MacFarlane"
tt8485364,4,2025-10-01,"Комната желаний","The Room",https://www.imdb.com/title/tt8485364,Movie,6.1,100,2019,"Drama, Horror, Fantasy, Thriller, Mystery",25935,"2019-09-19","Christian Volckman"
tt0230600,8,2025-10-01,"Другие","The Others",https://www.imdb.com/title/tt0230600,Movie,7.6,101,2001,"Mystery, Thriller, Horror",420086,"2001-12-26","Alejandro Amenábar"
tt0384537,7,2025-10-01,"Сайлент Хилл","Silent Hill",https://www.imdb.com/title/tt0384537,Movie,6.5,125,2006,"Horror, Mystery",256921,"2006-05-11","Christophe Gans"
tt1582507,4,2025-10-01,"Дом в конце улицы","House at the End of the Street",https://www.imdb.com/title/tt1582507,Movie,5.5,101,2012,"Horror, Thriller, Drama, Mystery",84018,"2012-10-11","Mark Tonderai"
tt4443658,7,2025-10-01,"Смотри по сторонам","Better Watch Out",https://www.imdb.com/title/tt4443658,Movie,6.5,89,2016,"Thriller, Horror, Comedy",50280,"2017-10-06","Chris Peckover"
tt5726086,6,2025-10-01,"Астрал 4: Последний ключ","Insidious: The Last Key",https://www.imdb.com/title/tt5726086,Movie,5.7,103,2018,"Mystery, Horror, Thriller",78555,"2018-01-18","Adam Robitel"
tt13405778,3,2025-10-01,"Астрал 5: Красная дверь","Insidious: The Red Door",https://www.imdb.com/title/tt13405778,Movie,5.5,107,2023,"Horror, Thriller, Mystery",61767,"2023-07-07","Patrick Wilson"
tt13833688,8,2025-10-01,"Кит","The Whale",https://www.imdb.com/title/tt13833688,Movie,7.6,117,2022,"Drama",256039,"2022-12-21","Darren Aronofsky"
tt0455857,4,2025-10-01,"Когда звонит незнакомец","When a Stranger Calls",https://www.imdb.com/title/tt0455857,Movie,5.1,87,2006,"Horror, Thriller",51135,"2006-04-27","Simon West"
tt9664108,2,2025-10-01,"Поколение Вояджер","Voyagers",https://www.imdb.com/title/tt9664108,Movie,5.5,108,2021,"Sci-Fi, Thriller, Adventure, Mystery",29483,"2021-04-22","Neil Burger"
tt10418662,2,2025-10-01,"Неспящие","Awake",https://www.imdb.com/title/tt10418662,Movie,4.9,96,2021,"Drama, Sci-Fi, Thriller, Action, Adventure, Horror",28341,"2021-06-09","Mark Raso"
tt2669336,7,2025-10-01,"Ошибка времени","Time Lapse",https://www.imdb.com/title/tt2669336,Movie,6.5,104,2014,"Sci-Fi, Thriller, Mystery",52217,"2016-03-03","Bradley King"
tt7752126,4,2025-10-01,"Гори, гори ясно","Brightburn",https://www.imdb.com/title/tt7752126,Movie,6.1,90,2019,"Horror, Sci-Fi, Drama, Mystery",117511,"2019-05-23","David Yarovesky"
tt2069797,5,2025-10-01,"Истерия","Delirium",https://www.imdb.com/title/tt2069797,Movie,5.7,96,2018,"Thriller, Horror",11115,"2018-05-10","Dennis Iliadis"
tt11245972,6,2025-10-01,"Крик","Scream",https://www.imdb.com/title/tt11245972,Movie,6.3,114,2022,"Horror, Mystery, Thriller",180832,"2022-01-13","Matt Bettinelli-Olpin,Tyler Gillett"
tt4225622,6,2025-10-01,"Няня","The Babysitter",https://www.imdb.com/title/tt4225622,Movie,6.4,85,2017,"Horror, Comedy",119402,"2017-10-13","McG"
tt31433402,3,2025-10-01,"Улица страха: Королева выпускного","Fear Street: Prom Queen",https://www.imdb.com/title/tt31433402,Movie,5.1,90,2025,"Horror, Mystery, Thriller",24104,"2025-05-23","Matt Palmer"
tt9701942,4,2025-10-01,"Улица страха. Часть 3: 1666","Fear Street: 1666",https://www.imdb.com/title/tt9701942,Movie,6.6,114,2021,"Horror, Mystery",73537,"2021-07-16","Leigh Janiak"
tt9701940,5,2025-10-01,"Улица страха. Часть 2: 1978","Fear Street: 1978",https://www.imdb.com/title/tt9701940,Movie,6.7,109,2021,"Horror, Mystery, Drama",87970,"2021-07-09","Leigh Janiak"
tt6566576,6,2025-10-01,"Улица страха. Часть 1: 1994","Fear Street: 1994",https://www.imdb.com/title/tt6566576,Movie,6.2,107,2021,"Mystery, Horror, Drama",107269,"2021-07-02","Leigh Janiak"
tt2039338,6,2025-10-01,"Коматозники","Flatliners",https://www.imdb.com/title/tt2039338,Movie,5.2,109,2017,"Drama, Sci-Fi, Thriller, Horror, Mystery",53421,"2017-11-23","Niels Arden Oplev"
tt2072230,2,2025-10-01,"Атака титанов. Фильм первый. Жестокий мир","Shingeki no kyojin",https://www.imdb.com/title/tt2072230,Movie,5.0,98,2015,"Fantasy, Action, Adventure, Drama, Horror",16325,"2015-08-01","Shinji Higuchi"
tt11307814,2,2025-10-01,"Красная точка","Red Dot",https://www.imdb.com/title/tt11307814,Movie,5.5,86,2021,"Drama, Thriller, Horror",15615,"2021-02-11","Alain Darborg"
tt10952782,5,2025-10-01,"Заклятье. Дом 32","Malasaña 32",https://www.imdb.com/title/tt10952782,Movie,5.6,104,2020,"Horror, Mystery",6639,"2020-09-17","Albert Pintó"
tt7214470,4,2025-10-01,"Обитель тьмы","Heilstätten",https://www.imdb.com/title/tt7214470,Movie,4.2,89,2018,"Horror, Thriller, Mystery",2311,"2018-02-22","Michael David Pate"
tt1773753,6,2025-10-01,"Мара. Пожиратель снов","Mara",https://www.imdb.com/title/tt1773753,Movie,5.1,98,2018,"Horror, Crime, Thriller, Mystery",9570,"2018-09-07","Clive Tonge"
tt0790636,9,2025-10-01,"Далласский клуб покупателей","Dallas Buyers Club",https://www.imdb.com/title/tt0790636,Movie,7.9,117,2013,"Drama, Biography",541882,"2013-11-22","Jean-Marc Vallée"
tt2372251,3,2025-10-01,"Дальше по коридору","Down a Dark Hall",https://www.imdb.com/title/tt2372251,Movie,5.1,96,2018,"Drama, Fantasy, Thriller, Horror, Mystery",15448,"2018-08-03","Rodrigo Cortés"
tt8995218,6,2025-10-01,"Z","Z",https://www.imdb.com/title/tt8995218,Movie,5.5,83,2019,"Horror, Thriller, Mystery",7084,"2020-05-07","Brandon Christensen"
tt2918436,5,2025-10-01,"Эффект Лазаря","The Lazarus Effect",https://www.imdb.com/title/tt2918436,Movie,5.2,83,2015,"Thriller, Horror, Sci-Fi, Mystery",48245,"2015-03-26","David Gelb"
tt2387433,5,2025-10-01,"Мрачные небеса","Dark Skies",https://www.imdb.com/title/tt2387433,Movie,6.3,97,2013,"Thriller, Horror, Sci-Fi",83867,"2013-02-21","Scott Stewart"
tt0419706,4,2025-10-01,"Doom","Doom",https://www.imdb.com/title/tt0419706,Movie,5.2,105,2005,"Action, Sci-Fi, Horror",122635,"2005-10-27","Andrzej Bartkowiak"
tt1241317,2,2025-10-01,"Тетрадь смерти","Death Note",https://www.imdb.com/title/tt1241317,Movie,4.5,101,2017,"Thriller, Horror, Fantasy, Crime, Drama, Mystery",94687,"2017-08-25","Adam Wingard"
tt1179904,6,2025-10-01,"Паранормальное явление","Paranormal Activity",https://www.imdb.com/title/tt1179904,Movie,6.3,86,2007,"Horror, Mystery",269203,"2009-11-05","Oren Peli"
tt7549892,5,2025-09-30,"Оцепеневшие от страха","Aterrados",https://www.imdb.com/title/tt7549892,Movie,6.5,87,2017,"Horror",29015,"2018-11-15","Demián Rugna"
tt7946836,6,2025-09-30,"Планета зверей","Dong wu shi jie",https://www.imdb.com/title/tt7946836,Movie,6.4,132,2018,"Action, Thriller, Fantasy, Sci-Fi",5398,"2018-06-29","Yan Han"
tt1828970,4,2025-09-30,"Улики","Evidence",https://www.imdb.com/title/tt1828970,Movie,5.3,94,2013,"Thriller, Crime, Mystery, Horror",8111,"2013-07-18","Olatunde Osunsanmi"
tt0087363,7,2025-09-30,"Гремлины","Gremlins",https://www.imdb.com/title/tt0087363,Movie,7.3,106,1984,"Fantasy, Horror, Comedy",267351,"1984-06-08","Joe Dante"
tt0077008,6,2025-09-30,"Остров фантазий","Fantasy Island",https://www.imdb.com/title/tt0077008,TV Series,6.6,60,1977,"Adventure, Family, Romance, Fantasy",9738,"1977-01-14",
tt0983946,3,2025-09-30,"Остров фантазий","Fantasy Island",https://www.imdb.com/title/tt0983946,Movie,4.9,109,2020,"Horror, Mystery, Fantasy",62970,"2020-03-05","Jeff Wadlow"
tt4530422,4,2025-09-30,"Оверлорд","Overlord",https://www.imdb.com/title/tt4530422,Movie,6.6,110,2018,"Action, Horror, Sci-Fi, War",113695,"2018-11-03","Julius Avery"
tt6902676,4,2025-09-30,"Пушки Акимбо","Guns Akimbo",https://www.imdb.com/title/tt6902676,Movie,6.3,98,2019,"Action, Comedy, Thriller, Crime",75975,"2020-02-27","Jason Lei Howden"
tt7781432,7,2025-09-30,"Погребальные байки","The Mortuary Collection",https://www.imdb.com/title/tt7781432,Movie,6.4,108,2019,"Horror, Fantasy",15968,"2020-10-15","Ryan Spindell"
tt11242218,5,2025-09-30,"Книги крови","Books of Blood",https://www.imdb.com/title/tt11242218,Movie,5.6,107,2020,"Drama, Sci-Fi, Horror, Mystery",11439,"2020-10-07","Brannon Braga"
tt11252440,6,2025-09-30,"Очень странный пришелец","Psycho Goreman",https://www.imdb.com/title/tt11252440,Movie,6.3,95,2020,"Sci-Fi, Comedy, Horror",16649,"2023-01-19","Steven Kostanski"
tt3741634,8,2025-09-30,"Токийский гуль","Tokyo Ghoul",https://www.imdb.com/title/tt3741634,TV Mini Series,7.7,24,2014,"Animation, Action, Drama, Fantasy, Horror, Thriller",77650,"2014-07-03",
tt8114980,5,2025-09-30,"Страна чудес Вилли","Willy's Wonderland",https://www.imdb.com/title/tt8114980,Movie,5.5,88,2021,"Thriller, Horror, Action, Comedy",43096,"2022-07-10","Kevin Lewis"
tt0293429,5,2025-09-30,"Мортал Комбат","Mortal Kombat",https://www.imdb.com/title/tt0293429,Movie,6.1,110,2021,"Thriller, Sci-Fi, Adventure, Fantasy, Action",201038,"2021-04-08","Simon McQuoid"
tt0452608,8,2025-09-30,"Смертельная гонка","Death Race",https://www.imdb.com/title/tt0452608,Movie,6.4,105,2008,"Action, Thriller, Sci-Fi",226409,"2008-09-11","Paul W.S. Anderson"
tt9777666,4,2025-09-30,"Война будущего","The Tomorrow War",https://www.imdb.com/title/tt9777666,Movie,6.6,138,2021,"Action, Sci-Fi, Adventure, Thriller, Drama",247631,"2021-07-02","Chris McKay"
tt3811906,7,2025-09-30,"Злое","Malignant",https://www.imdb.com/title/tt3811906,Movie,6.2,111,2021,"Horror, Crime, Mystery",119517,"2021-09-09","James Wan"
tt3850590,8,2025-09-30,"Крампус","Krampus",https://www.imdb.com/title/tt3850590,Movie,6.2,98,2015,"Comedy, Fantasy, Horror",91789,"2016-01-01","Michael Dougherty"
tt14169960,9,2025-09-30,"Мы все мертвы","Jigeum uri hakgyoneun",https://www.imdb.com/title/tt14169960,TV Series,7.6,60,2022,"Fantasy, Horror, Drama, Action, Thriller, Sci-Fi",85285,"2022-01-28",
tt14637290,3,2025-09-30,"Привилегированные","Das Privileg",https://www.imdb.com/title/tt14637290,TV Movie,4.7,107,2022,"Horror, Drama, Mystery, Sci-Fi, Thriller",6636,"2022-02-09","Felix Fuchssteiner,Katharina Schöde"
tt2535470,7,2025-09-30,"Лесной змей","Wyrmwood",https://www.imdb.com/title/tt2535470,Movie,6.2,98,2014,"Horror, Comedy, Action",19098,"2015-02-13","Kiah Roache-Turner"
tt14858054,6,2025-09-30,"Безумная дорога","Wyrmwood: Apocalypse",https://www.imdb.com/title/tt14858054,Movie,5.5,88,2021,"Action, Horror, Sci-Fi, Comedy",3840,"2022-10-06","Kiah Roache-Turner"
tt12519030,2,2025-09-30,"Скрежет","Pahanhautoja",https://www.imdb.com/title/tt12519030,Movie,6.2,91,2022,"Horror, Drama, Fantasy",17581,"2022-04-07","Hanna Bergholm"
tt13468602,2,2025-09-30,"Логово","The Lair",https://www.imdb.com/title/tt13468602,Movie,4.6,97,2022,"Horror, Action, Sci-Fi, Thriller",6644,"2022-11-24","Neil Marshall"
tt12003946,6,2025-09-30,"Жестокая ночь","Violent Night",https://www.imdb.com/title/tt12003946,Movie,6.7,112,2022,"Thriller, Action, Comedy",116209,"2022-12-02","Tommy Wirkola"
tt0073195,8,2025-09-30,"Челюсти","Jaws",https://www.imdb.com/title/tt0073195,Movie,8.1,124,1975,"Adventure, Horror, Thriller",722622,"1975-12-27","Steven Spielberg"
tt0133751,7,2025-09-30,"Факультет","The Faculty",https://www.imdb.com/title/tt0133751,Movie,6.6,104,1998,"Mystery, Sci-Fi, Horror",145168,"1998-12-25","Robert Rodriguez"
tt23146644,1,2025-09-30,"Ханна. В игре","Latency",https://www.imdb.com/title/tt23146644,Movie,4.2,94,2024,"Action, Thriller, Horror, Sci-Fi",3128,"2024-07-04","James Croke"
tt11612120,8,2025-09-30,"Милый дом","Seuwiteuhom",https://www.imdb.com/title/tt11612120,TV Series,7.2,52,2020,"Drama, Horror, Thriller, Fantasy",40413,"2020-12-18",
tt24871974,3,2025-09-30,"Меган: К вашим услугам","Subservience",https://www.imdb.com/title/tt24871974,Movie,5.4,106,2024,"Sci-Fi, Thriller",33353,"2024-08-29","S.K. Dale"
tt12235718,5,2025-09-30,"Зов ада","Jiok",https://www.imdb.com/title/tt12235718,TV Series,6.6,25,2021,"Drama, Fantasy, Thriller, Horror, Crime, Mystery",32542,"2021-11-19",
tt12496706,5,2025-09-30,"Календарь дьявола","Le calendrier",https://www.imdb.com/title/tt12496706,Movie,6.3,104,2021,"Horror, Thriller",7263,"2021-12-09","Patrick Ridremont"
tt17526714,4,2025-09-30,"Субстанция","The Substance",https://www.imdb.com/title/tt17526714,Movie,7.2,141,2024,"Drama, Horror, Sci-Fi",363424,"2024-09-19","Coralie Fargeat"
tt1972591,8,2025-09-30,"Меч короля Артура","King Arthur: Legend of the Sword",https://www.imdb.com/title/tt1972591,Movie,6.7,126,2017,"Action, Adventure, Fantasy, Drama",244260,"2017-05-11","Guy Ritchie"
tt8367814,9,2025-09-30,"Джентльмены","The Gentlemen",https://www.imdb.com/title/tt8367814,Movie,7.8,113,2019,"Action, Crime, Comedy",446071,"2020-02-13","Guy Ritchie"
tt11083552,6,2025-09-30,"Гнев человеческий","Wrath of Man",https://www.imdb.com/title/tt11083552,Movie,7.1,119,2021,"Action, Thriller, Crime",231929,"2021-04-22","Guy Ritchie"
tt4873118,8,2025-09-30,"Переводчик","The Covenant",https://www.imdb.com/title/tt4873118,Movie,7.5,123,2023,"Action, Thriller, War, Drama",198708,"2023-06-01","Guy Ritchie"
tt5177120,5,2025-09-30,"Министерство неджентльменских дел","The Ministry of Ungentlemanly Warfare",https://www.imdb.com/title/tt5177120,Movie,6.8,122,2024,"War, Action, Comedy",149211,"2024-05-13","Guy Ritchie"
tt1187064,8,2025-09-28,"Треугольник","Triangle",https://www.imdb.com/title/tt1187064,Movie,6.9,99,2009,"Thriller, Mystery, Sci-Fi, Fantasy",144977,"2009-10-16","Christopher Smith"
tt0286106,6,2025-09-28,"Знаки","Signs",https://www.imdb.com/title/tt0286106,Movie,6.8,106,2002,"Drama, Mystery, Sci-Fi, Thriller",408628,"2002-10-17","M. Night Shyamalan"
tt10954652,5,2025-09-28,"Время","Old",https://www.imdb.com/title/tt10954652,Movie,5.8,108,2021,"Thriller, Drama, Mystery",180534,"2021-07-22","M. Night Shyamalan"
tt26736843,4,2025-09-28,"Смотрители","The Watchers",https://www.imdb.com/title/tt26736843,Movie,5.7,102,2024,"Thriller, Horror, Mystery, Fantasy",64373,"2024-06-07","Ishana Shyamalan"
tt15679400,4,2025-09-28,"Стук в хижине","Knock at the Cabin",https://www.imdb.com/title/tt15679400,Movie,6.1,100,2023,"Thriller, Horror, Mystery",138775,"2023-02-03","M. Night Shyamalan"
tt0183649,8,2025-09-28,"Телефонная будка","Phone Booth",https://www.imdb.com/title/tt0183649,Movie,7.1,81,2002,"Crime, Thriller",298757,"2003-04-17","Joel Schumacher"
tt0112159,9,2025-09-28,"Евангелион","Shinseiki Evangelion",https://www.imdb.com/title/tt0112159,TV Series,8.5,24,1995,"Animation, Drama, Action, Sci-Fi",104091,"1995-10-04",
tt10374610,3,2025-09-28,"Долгая прогулка","The Long Walk",https://www.imdb.com/title/tt10374610,Movie,6.8,108,2025,"Thriller, Horror, Sci-Fi",70020,"2025-09-18","Francis Lawrence"
tt1201607,7,2025-09-28,"Гарри Поттер и Дары смерти: Часть II","Harry Potter and the Deathly Hallows: Part 2",https://www.imdb.com/title/tt1201607,Movie,8.1,130,2011,"Adventure, Mystery, Fantasy, Family",1021742,"2011-07-13","David Yates"
tt1160419,8,2025-09-28,"Дюна","Dune: Part One",https://www.imdb.com/title/tt1160419,Movie,8.0,155,2021,"Sci-Fi, Adventure, Drama, Action",988963,"2021-09-16","Denis Villeneuve"
tt0144084,8,2025-09-28,"Американский психопат","American Psycho",https://www.imdb.com/title/tt0144084,Movie,7.6,102,2000,"Crime, Horror, Drama",809782,"2000-04-14","Mary Harron"
tt1684562,6,2025-09-28,"Каскадёры","The Fall Guy",https://www.imdb.com/title/tt1684562,Movie,6.8,126,2024,"Action, Drama, Comedy, Romance",241079,"2024-04-24","David Leitch"
tt1675434,9,2025-09-28,"1+1","Intouchables",https://www.imdb.com/title/tt1675434,Movie,8.5,112,2011,"Comedy, Drama",1003401,"2012-04-26","Olivier Nakache,Éric Toledano"
tt2872718,9,2025-09-28,"Стрингер","Nightcrawler",https://www.imdb.com/title/tt2872718,Movie,7.8,117,2014,"Crime, Thriller, Drama",653102,"2015-08-06","Dan Gilroy"
tt9764362,7,2025-09-28,"Меню","The Menu",https://www.imdb.com/title/tt9764362,Movie,7.2,107,2022,"Horror, Thriller, Comedy",478923,"2022-11-18","Mark Mylod"
tt0114369,9,2025-09-28,"Семь","Se7en",https://www.imdb.com/title/tt0114369,Movie,8.6,127,1995,"Mystery, Drama, Crime, Thriller",1970637,"1995-09-22","David Fincher"
tt0120815,10,2025-09-28,"Спасти рядового Райана","Saving Private Ryan",https://www.imdb.com/title/tt0120815,Movie,8.6,169,1998,"Drama, War",1605128,"1998-10-09","Steven Spielberg"
tt0088247,9,2025-09-28,"Терминатор","The Terminator",https://www.imdb.com/title/tt0088247,Movie,8.1,107,1984,"Action, Adventure, Sci-Fi",984884,"1992","James Cameron"
tt0110912,9,2025-09-28,"Криминальное чтиво","Pulp Fiction",https://www.imdb.com/title/tt0110912,Movie,8.8,154,1994,"Crime, Drama",2385901,"1995-09-29","Quentin Tarantino"
tt0209144,10,2025-09-28,"Помни","Memento",https://www.imdb.com/title/tt0209144,Movie,8.4,113,2000,"Drama, Thriller, Mystery",1409030,"2001-06-27","Christopher Nolan"
tt0078748,7,2025-09-27,"Чужой","Alien",https://www.imdb.com/title/tt0078748,Movie,8.5,117,1979,"Horror, Sci-Fi",1043547,"1991-02","Ridley Scott"
tt0120737,9,2025-09-27,"Властелин колец: Братство кольца","The Lord of the Rings: The Fellowship of the Ring",https://www.imdb.com/title/tt0120737,Movie,8.9,178,2001,"Drama, Adventure, Fantasy",2157530,"2002-03-01","Peter Jackson"
tt0071562,9,2025-09-27,"Крестный отец 2","The Godfather Part II",https://www.imdb.com/title/tt0071562,Movie,9.0,202,1974,"Crime, Drama",1464157,"1974-12-18","Francis Ford Coppola"
tt0877057,9,2025-09-27,"Тетрадь смерти","Death Note: Desu nôto",https://www.imdb.com/title/tt0877057,TV Series,8.9,24,2006,"Animation, Mystery, Crime, Thriller, Fantasy, Drama",452608,"2006-10-03",
tt3032476,9,2025-09-27,"Лучше звоните Солу","Better Call Saul",https://www.imdb.com/title/tt3032476,TV Series,9.0,45,2015,"Crime, Drama",779003,"2015-02-08",
tt7366338,9,2025-09-27,"Чернобыль","Chernobyl",https://www.imdb.com/title/tt7366338,TV Mini Series,9.3,60,2019,"Drama, History, Thriller",989474,"2019-05-07",
tt7349950,5,2025-09-27,"Оно 2","It: Chapter Two",https://www.imdb.com/title/tt7349950,Movie,6.5,169,2019,"Horror, Drama, Fantasy",338960,"2019-09-05","Andy Muschietti"
tt0117571,7,2025-09-27,"Крик","Scream",https://www.imdb.com/title/tt0117571,Movie,7.4,111,1996,"Mystery, Horror",433346,"1996-12-20","Wes Craven"
tt1259521,6,2025-09-27,"Хижина в лесу","The Cabin in the Woods",https://www.imdb.com/title/tt1259521,Movie,7.0,95,2011,"Horror, Mystery, Thriller",483263,"2012-04-12","Drew Goddard"
tt1396484,7,2025-09-27,"Оно","It",https://www.imdb.com/title/tt1396484,Movie,7.3,135,2017,"Horror",669809,"2017-09-07","Andy Muschietti"
tt1148204,4,2025-09-27,"Дитя тьмы","Orphan",https://www.imdb.com/title/tt1148204,Movie,7.0,123,2009,"Thriller, Mystery, Horror",273524,"2009-10-08","Jaume Collet-Serra"
tt0387564,9,2025-09-27,"Пила: Игра на выживание","Saw",https://www.imdb.com/title/tt0387564,Movie,7.6,103,2004,"Mystery, Horror, Thriller",501198,"2004-12-16","James Wan"
tt1922777,5,2025-09-27,"Синистер","Sinister",https://www.imdb.com/title/tt1922777,Movie,6.8,110,2012,"Horror, Mystery, Thriller",309731,"2012-10-11","Scott Derrickson"
tt0298130,8,2025-09-27,"Звонок","The Ring",https://www.imdb.com/title/tt0298130,Movie,7.1,115,2002,"Mystery, Horror",397122,"2002-10-18","Gore Verbinski"
tt0319262,7,2025-09-27,"Послезавтра","The Day After Tomorrow",https://www.imdb.com/title/tt0319262,Movie,6.5,124,2004,"Action, Adventure, Sci-Fi, Thriller",504601,"2004-05-28","Roland Emmerich"
tt0118767,7,2025-09-26,"Брат","Brat",https://www.imdb.com/title/tt0118767,Movie,7.8,96,1997,"Thriller, Crime, Drama",27688,"1997-12-12","Aleksey Balabanov"
tt1131734,4,2025-09-26,"Тело Дженнифер","Jennifer's Body",https://www.imdb.com/title/tt1131734,Movie,5.6,102,2009,"Comedy, Horror",167008,"2009-10-01","Karyn Kusama"
tt1345836,9,2025-09-25,"Тёмный рыцарь: Возрождение легенды","The Dark Knight Rises",https://www.imdb.com/title/tt1345836,Movie,8.4,164,2012,"Action, Drama, Thriller, Crime",1955504,"2012-07-26","Christopher Nolan"
tt0102926,10,2025-09-25,"Молчание ягнят","The Silence of the Lambs",https://www.imdb.com/title/tt0102926,Movie,8.6,118,1991,"Crime, Drama, Horror, Thriller",1680028,"2021-09-16","Jonathan Demme"
tt0117060,7,2025-09-25,"Миссия невыполнима","Mission: Impossible",https://www.imdb.com/title/tt0117060,Movie,7.2,110,1996,"Thriller, Adventure, Action",509401,"1996-05-22","Brian De Palma"
tt0985699,8,2025-09-25,"Операция «Валькирия»","Valkyrie",https://www.imdb.com/title/tt0985699,Movie,7.1,121,2008,"Thriller, War, Drama, History",270817,"2009-01-29","Bryan Singer"
tt1229238,6,2025-09-25,"Миссия невыполнима: Протокол Фантом","Mission: Impossible - Ghost Protocol",https://www.imdb.com/title/tt1229238,Movie,7.4,132,2011,"Action, Thriller, Adventure",558813,"2011-12-14","Brad Bird"
tt4912910,6,2025-09-25,"Миссия невыполнима: Последствия","Mission: Impossible - Fallout",https://www.imdb.com/title/tt4912910,Movie,7.7,147,2018,"Action, Adventure, Thriller",412294,"2018-07-26","Christopher McQuarrie"
tt9603212,8,2025-09-25,"Миссия невыполнима: Смертельная расплата","Mission: Impossible - Dead Reckoning Part One",https://www.imdb.com/title/tt9603212,Movie,7.6,163,2023,"Action, Adventure, Thriller",316398,"2023-07-12","Christopher McQuarrie"
tt9603208,7,2025-09-25,"Миссия невыполнима: Финальная расплата","Mission: Impossible - The Final Reckoning",https://www.imdb.com/title/tt9603208,Movie,7.2,169,2025,"Action, Thriller, Adventure",185099,"2025-05-21","Christopher McQuarrie"
tt6723592,6,2025-09-25,"Довод","Tenet",https://www.imdb.com/title/tt6723592,Movie,7.3,150,2020,"Action, Sci-Fi, Thriller",649375,"2020-09-03","Christopher Nolan"
tt15398776,8,2025-09-25,"Оппенгеймер","Oppenheimer",https://www.imdb.com/title/tt15398776,Movie,8.3,180,2023,"Biography, Drama, History",958036,"2023-07-20","Christopher Nolan"
tt5013056,7,2025-09-25,"Дюнкерк","Dunkirk",https://www.imdb.com/title/tt5013056,Movie,7.8,106,2017,"War, Drama, Action, History, Thriller",790830,"2017-07-20","Christopher Nolan"
tt0816692,9,2025-09-25,"Интерстеллар","Interstellar",https://www.imdb.com/title/tt0816692,Movie,8.7,169,2014,"Sci-Fi, Adventure, Drama",2433761,"2014-11-06","Christopher Nolan"
tt1631867,8,2025-09-25,"Грань будущего","Edge of Tomorrow",https://www.imdb.com/title/tt1631867,Movie,7.9,113,2014,"Action, Sci-Fi, Adventure",790414,"2014-06-05","Doug Liman"
tt1637688,5,2025-09-25,"Время","In Time",https://www.imdb.com/title/tt1637688,Movie,6.7,109,2011,"Sci-Fi, Thriller, Action",476202,"2011-10-27","Andrew Niccol"
tt1375666,10,2025-09-25,"Начало","Inception",https://www.imdb.com/title/tt1375666,Movie,8.8,148,2010,"Sci-Fi, Thriller, Action, Adventure",2753997,"2010-07-22","Christopher Nolan"
tt0065832,6,2025-09-24,"Геркулес в Нью-Йорке","Hercules in New York",https://www.imdb.com/title/tt0065832,Movie,3.3,92,1970,"Comedy, Fantasy, Adventure",20438,"1975-02-20","Arthur Allan Seidelman"
tt0100802,9,2025-09-24,"Вспомнить всё","Total Recall",https://www.imdb.com/title/tt0100802,Movie,7.5,113,1990,"Adventure, Sci-Fi, Action",375603,"1992-06-06","Paul Verhoeven"
tt0181852,5,2025-09-24,"Терминатор 3: Восстание машин","Terminator 3: Rise of the Machines",https://www.imdb.com/title/tt0181852,Movie,6.3,109,2003,"Sci-Fi, Action",432726,"2003-07-03","Jonathan Mostow"
tt1340138,5,2025-09-24,"Терминатор: Генезис","Terminator Genisys",https://www.imdb.com/title/tt1340138,Movie,6.3,126,2015,"Action, Adventure, Sci-Fi, Thriller",303918,"2015-07-02","Alan Taylor"
tt6450804,4,2025-09-24,"Терминатор: Тёмные судьбы","Terminator: Dark Fate",https://www.imdb.com/title/tt6450804,Movie,6.2,128,2019,"Sci-Fi, Action, Adventure",208730,"2019-10-31","Tim Miller"
tt0831387,7,2025-09-24,"Годзилла","Godzilla",https://www.imdb.com/title/tt0831387,Movie,6.4,123,2014,"Action, Sci-Fi, Adventure, Thriller",459428,"2014-05-15","Gareth Edwards"
tt3731562,6,2025-09-24,"Конг: Остров черепа","Kong: Skull Island",https://www.imdb.com/title/tt3731562,Movie,6.7,118,2017,"Action, Adventure, Fantasy, Sci-Fi",368874,"2017-03-09","Jordan Vogt-Roberts"
tt0360717,8,2025-09-24,"Кинг-Конг","King Kong",https://www.imdb.com/title/tt0360717,Movie,7.2,187,2005,"Adventure, Action, Romance",465093,"2005-12-14","Peter Jackson"
tt0914863,8,2025-09-24,"Немыслимое","Unthinkable",https://www.imdb.com/title/tt0914863,Movie,7.0,97,2010,"Drama, Thriller, Crime",98993,"2010-10-07","Gregor Jordan"
tt0112864,8,2025-09-24,"Крепкий орешек 3: Возмездие","Die Hard with a Vengeance",https://www.imdb.com/title/tt0112864,Movie,7.6,128,1995,"Adventure, Thriller, Action",425485,"1995-05-19","John McTiernan"
tt0099423,7,2025-09-24,"Крепкий орешек 2","Die Hard 2",https://www.imdb.com/title/tt0099423,Movie,7.2,124,1990,"Thriller, Action",401343,"1990-07-03","Renny Harlin"
tt3460252,9,2025-09-24,"Омерзительная восьмерка","The Hateful Eight",https://www.imdb.com/title/tt3460252,Movie,7.8,168,2015,"Western, Drama, Thriller, Mystery, Crime",708186,"2016-01-14","Quentin Tarantino"
tt0121765,7,2025-09-24,"Звёздные войны: Эпизод II - Атака клонов","Star Wars: Episode II - Attack of the Clones",https://www.imdb.com/title/tt0121765,Movie,6.6,142,2002,"Fantasy, Sci-Fi, Adventure, Action",806101,"2002-05-16","George Lucas"
tt0120915,8,2025-09-24,"Звёздные войны: Эпизод I - Скрытая угроза","Star Wars: Episode I - The Phantom Menace",https://www.imdb.com/title/tt0120915,Movie,6.5,136,1999,"Fantasy, Sci-Fi, Adventure, Action",910128,"1999-07-29","George Lucas"
tt0816711,7,2025-09-23,"Война миров Z","World War Z",https://www.imdb.com/title/tt0816711,Movie,7.0,116,2013,"Action, Adventure, Horror, Sci-Fi",769761,"2013-06-27","Marc Forster"
tt10640346,7,2025-09-23,"Вавилон","Babylon",https://www.imdb.com/title/tt10640346,Movie,7.1,189,2022,"Drama, Comedy",200329,"2022-12-23","Damien Chazelle"
tt12593682,8,2025-09-23,"Быстрее пули","Bullet Train",https://www.imdb.com/title/tt12593682,Movie,7.3,127,2022,"Action, Thriller, Comedy",514420,"2022-08-05","David Leitch"
tt12299608,5,2025-09-23,"Микки 17","Mickey 17",https://www.imdb.com/title/tt12299608,Movie,6.7,137,2025,"Sci-Fi, Adventure, Fantasy, Comedy",211831,"2025-02-28","Bong Joon Ho"
tt13314558,5,2025-09-23,"Дневная смена","Day Shift",https://www.imdb.com/title/tt13314558,Movie,6.1,113,2022,"Comedy, Fantasy, Action, Thriller, Horror",97413,"2022-08-12","J.J. Perry"
tt1197624,8,2025-09-23,"Законопослушный гражданин","Law Abiding Citizen",https://www.imdb.com/title/tt1197624,Movie,7.4,109,2009,"Drama, Thriller, Crime, Action",340378,"2009-11-05","F. Gary Gray"
tt7131622,6,2025-09-23,"Однажды в... Голливуде","Once Upon a Time in... Hollywood",https://www.imdb.com/title/tt7131622,Movie,7.6,161,2019,"Drama, Comedy",937750,"2019-08-08","Quentin Tarantino"
tt0361748,9,2025-09-23,"Бесславные ублюдки","Inglourious Basterds",https://www.imdb.com/title/tt0361748,Movie,8.4,153,2009,"War, Adventure, Drama",1736369,"2009-08-20","Quentin Tarantino"
tt0111161,10,2025-09-22,"Побег из Шоушенка","The Shawshank Redemption",https://www.imdb.com/title/tt0111161,Movie,9.3,142,1994,"Drama",3123372,"1994-10-14","Frank Darabont"
tt0371746,8,2025-09-22,"Железный человек","Iron Man",https://www.imdb.com/title/tt0371746,Movie,7.9,126,2008,"Action, Sci-Fi, Adventure",1199517,"2008-05-01","Jon Favreau"
tt1270797,5,2025-09-22,"Веном","Venom",https://www.imdb.com/title/tt1270797,Movie,6.6,112,2018,"Action, Sci-Fi, Adventure",593885,"2018-10-04","Ruben Fleischer"
tt2802144,7,2025-09-22,"Kingsman: Секретная служба","Kingsman: The Secret Service",https://www.imdb.com/title/tt2802144,Movie,7.7,129,2014,"Adventure, Action, Comedy, Thriller",765406,"2015-02-12","Matthew Vaughn"
tt2283336,3,2025-09-22,"Люди в чёрном: Интернэшнл","Men in Black: International",https://www.imdb.com/title/tt2283336,Movie,5.6,114,2019,"Comedy, Sci-Fi, Action, Adventure",157783,"2019-06-13","F. Gary Gray"
tt1409024,6,2025-09-22,"Люди в чёрном 3","Men in Black³",https://www.imdb.com/title/tt1409024,Movie,6.8,106,2012,"Action, Comedy, Sci-Fi, Adventure",406543,"2012-05-24","Barry Sonnenfeld"
tt0120912,6,2025-09-22,"Люди в чёрном 2","Men in Black II",https://www.imdb.com/title/tt0120912,Movie,6.2,88,2002,"Adventure, Mystery, Sci-Fi, Comedy, Action",425662,"2002-07-04","Barry Sonnenfeld"
tt0119654,9,2025-09-22,"Люди в чёрном","Men in Black",https://www.imdb.com/title/tt0119654,Movie,7.3,98,1997,"Adventure, Action, Sci-Fi, Comedy",652840,"1997-09-12","Barry Sonnenfeld"
tt6751668,7,2025-09-22,"Паразиты","Gisaengchung",https://www.imdb.com/title/tt6751668,Movie,8.5,132,2019,"Drama, Thriller",1117052,"2019-07-04","Bong Joon Ho"
tt1488555,7,2025-09-22,"Хочу как ты","The Change-Up",https://www.imdb.com/title/tt1488555,Movie,6.3,112,2011,"Comedy, Fantasy",202995,"2011-09-01","David Dobkin"
tt0993846,9,2025-09-22,"Волк с Уолл-стрит","The Wolf of Wall Street",https://www.imdb.com/title/tt0993846,Movie,8.2,180,2013,"Crime, Drama, Biography, Comedy",1736891,"2014-02-06","Martin Scorsese"
tt1489889,7,2025-09-22,"Полтора шпиона","Central Intelligence",https://www.imdb.com/title/tt1489889,Movie,6.3,107,2016,"Comedy, Crime, Action",232739,"2016-07-07","Rawson Marshall Thurber"
tt1935859,4,2025-09-22,"Дом странных детей Мисс Перегрин","Miss Peregrine's Home for Peculiar Children",https://www.imdb.com/title/tt1935859,Movie,6.7,127,2016,"Fantasy, Adventure, Drama, Thriller, Family",205064,"2016-10-06","Tim Burton"
tt7798634,6,2025-09-22,"Я иду искать","Ready or Not",https://www.imdb.com/title/tt7798634,Movie,6.8,95,2019,"Thriller, Horror, Mystery, Comedy, Action",225573,"2019-08-29","Matt Bettinelli-Olpin,Tyler Gillett"
tt1823672,5,2025-09-22,"Робот по имени Чаппи","Chappie",https://www.imdb.com/title/tt1823672,Movie,6.8,120,2015,"Action, Thriller, Sci-Fi, Crime, Drama",281056,"2015-03-05","Neill Blomkamp"
tt8155288,3,2025-09-22,"Счастливого нового дня смерти","Happy Death Day 2 U",https://www.imdb.com/title/tt8155288,Movie,6.2,100,2019,"Horror, Mystery, Thriller, Comedy, Sci-Fi",94004,"2019-02-28","Christopher Landon"
tt5308322,7,2025-09-22,"Счастливого дня смерти","Happy Death Day",https://www.imdb.com/title/tt5308322,Movie,6.6,96,2017,"Thriller, Horror, Mystery, Comedy",181737,"2017-12-07","Christopher Landon"
tt0325980,8,2025-09-22,"Пираты Карибского моря: Проклятие Чёрной жемчужины","Pirates of the Caribbean: The Curse of the Black Pearl",https://www.imdb.com/title/tt0325980,Movie,8.1,143,2003,"Fantasy, Action, Adventure",1296607,"2003-08-22","Gore Verbinski"
tt2872732,5,2025-09-22,"Люси","Lucy",https://www.imdb.com/title/tt2872732,Movie,6.4,89,2014,"Action, Sci-Fi, Thriller",569895,"2014-09-11","Luc Besson"
tt7888964,5,2025-09-22,"Никто","Nobody",https://www.imdb.com/title/tt7888964,Movie,7.4,92,2021,"Action, Crime, Thriller, Drama",379233,"2021-03-18","Ilya Naishuller"
tt0095016,9,2025-09-22,"Крепкий орешек","Die Hard",https://www.imdb.com/title/tt0095016,Movie,8.2,132,1988,"Thriller, Action",1007002,"1988-07-20","John McTiernan"
tt6146586,6,2025-09-22,"Джон Уик 3","John Wick: Chapter 3 - Parabellum",https://www.imdb.com/title/tt6146586,Movie,7.4,130,2019,"Action, Thriller, Crime, Drama",469067,"2019-05-16","Chad Stahelski"
tt4425200,7,2025-09-22,"Джон Уик 2","John Wick: Chapter 2",https://www.imdb.com/title/tt4425200,Movie,7.4,122,2017,"Action, Thriller, Crime",557510,"2017-02-09","Chad Stahelski"
tt2911666,7,2025-09-22,"Джон Уик","John Wick",https://www.imdb.com/title/tt2911666,Movie,7.5,101,2014,"Action, Thriller, Crime",807079,"2015-01-01","Chad Stahelski"
tt1591095,4,2025-09-22,"Астрал","Insidious",https://www.imdb.com/title/tt1591095,Movie,6.8,103,2010,"Horror, Mystery, Thriller",361148,"2011-04-01","James Wan"
tt1318514,7,2025-09-22,"Восстание планеты обезьян","Rise of the Planet of the Apes",https://www.imdb.com/title/tt1318514,Movie,7.6,105,2011,"Action, Sci-Fi, Drama, Thriller",599551,"2011-08-04","Rupert Wyatt"
tt0450385,8,2025-09-22,"1408","1408",https://www.imdb.com/title/tt0450385,Movie,6.8,104,2007,"Horror, Mystery, Fantasy",310117,"2007-07-12","Mikael Håfström"
tt0477347,7,2025-09-22,"Ночь в музее","Night at the Museum",https://www.imdb.com/title/tt0477347,Movie,6.5,108,2006,"Comedy, Family, Fantasy, Adventure",401257,"2006-12-28","Shawn Levy"
tt0099785,9,2025-09-22,"Один дома","Home Alone",https://www.imdb.com/title/tt0099785,Movie,7.7,103,1990,"Comedy, Family",712316,"1993-12-27","Chris Columbus"
tt1099212,7,2025-09-22,"Сумерки","Twilight",https://www.imdb.com/title/tt1099212,Movie,5.4,122,2008,"Romance, Fantasy, Drama",517103,"2008-11-20","Catherine Hardwicke"
tt0944947,7,2025-09-22,"Игра престолов","Game of Thrones",https://www.imdb.com/title/tt0944947,TV Series,9.2,60,2011,"Fantasy, Drama, Adventure, Action",2502656,"2011-09-08",
tt0086190,9,2025-09-22,"Звёздные войны: Эпизод 6 - Возвращение Джедая","Star Wars: Episode VI - Return of the Jedi",https://www.imdb.com/title/tt0086190,Movie,8.3,131,1983,"Sci-Fi, Adventure, Action, Fantasy",1188438,"1990-12-25","Richard Marquand"
tt4154756,9,2025-09-22,"Мстители: Война бесконечности","Avengers: Infinity War",https://www.imdb.com/title/tt4154756,Movie,8.4,149,2018,"Action, Sci-Fi, Adventure",1332602,"2018-05-03","Anthony Russo,Joe Russo"
tt4154796,7,2025-09-22,"Мстители: Финал","Avengers: Endgame",https://www.imdb.com/title/tt4154796,Movie,8.4,181,2019,"Action, Sci-Fi, Adventure",1403301,"2019-04-29","Anthony Russo,Joe Russo"
tt9243946,6,2025-09-22,"El Camino: Во все тяжкие","El Camino",https://www.imdb.com/title/tt9243946,Movie,7.3,122,2019,"Drama, Crime, Thriller",329183,"2019-10-12","Vince Gilligan"
tt0903747,10,2025-09-22,"Во все тяжкие","Breaking Bad",https://www.imdb.com/title/tt0903747,TV Series,9.5,45,2008,"Drama, Crime, Thriller",2429641,"2008-01-20",
tt1190634,9,2025-09-22,"Пацаны","The Boys",https://www.imdb.com/title/tt1190634,TV Series,8.6,60,2019,"Action, Sci-Fi, Crime, Drama, Comedy",815039,"2019-07-26",
tt13159924,7,2025-09-22,"Поколение «Ви»","Gen V",https://www.imdb.com/title/tt13159924,TV Series,7.6,50,2023,"Comedy, Action, Adventure, Drama, Sci-Fi",140612,"2023-09-29",
tt0080684,9,2025-09-22,"Звёздные войны: Эпизод 5 - Империя наносит ответный удар","Star Wars: Episode V - The Empire Strikes Back",https://www.imdb.com/title/tt0080684,Movie,8.7,124,1980,"Fantasy, Sci-Fi, Adventure, Action",1475864,"1990-07-14","Irvin Kershner"
tt0468569,10,2025-09-22,"Тёмный рыцарь","The Dark Knight",https://www.imdb.com/title/tt0468569,Movie,9.1,152,2008,"Drama, Crime, Thriller, Action",3098878,"2008-08-14","Christopher Nolan"
tt1951265,5,2025-09-22,"Голодные игры: Сойка-пересмешница. Часть I","The Hunger Games: Mockingjay - Part 1",https://www.imdb.com/title/tt1951265,Movie,6.6,123,2014,"Sci-Fi, Adventure, Thriller, Action",535585,"2014-11-20","Francis Lawrence"
tt1951266,6,2025-09-22,"Голодные игры: Сойка-пересмешница. Часть II","The Hunger Games: Mockingjay - Part 2",https://www.imdb.com/title/tt1951266,Movie,6.6,137,2015,"Sci-Fi, Thriller, Adventure, Action",404004,"2015-11-19","Francis Lawrence"
tt1951264,9,2025-09-22,"Голодные игры: И вспыхнет пламя","The Hunger Games: Catching Fire",https://www.imdb.com/title/tt1951264,Movie,7.5,146,2013,"Sci-Fi, Thriller, Action, Adventure",760831,"2013-11-21","Francis Lawrence"
tt4500922,3,2025-09-22,"Бегущий в лабиринте: Лекарство от смерти","Maze Runner: The Death Cure",https://www.imdb.com/title/tt4500922,Movie,6.3,143,2018,"Sci-Fi, Action, Thriller, Adventure",184554,"2018-01-25","Wes Ball"
tt4046784,5,2025-09-22,"Бегущий в лабиринте: Испытание огнем","Maze Runner: The Scorch Trials",https://www.imdb.com/title/tt4046784,Movie,6.3,131,2015,"Action, Thriller, Sci-Fi, Adventure",299962,"2015-09-17","Wes Ball"
tt1790864,7,2025-09-22,"Бегущий в лабиринте","The Maze Runner",https://www.imdb.com/title/tt1790864,Movie,6.8,113,2014,"Sci-Fi, Mystery, Thriller, Action",549795,"2014-09-18","Wes Ball"
tt6048922,8,2025-09-22,"Грейхаунд","Greyhound",https://www.imdb.com/title/tt6048922,Movie,7.0,91,2020,"Drama, War, History",128678,"2020-07-10","Aaron Schneider"
tt13143964,8,2025-09-22,"Борат 2","Borat Subsequent Moviefilm: Delivery of Prodigious Bribe to American Regime for Make Benefit Once Glorious Nation of Kazakhstan",https://www.imdb.com/title/tt13143964,Movie,6.6,95,2020,"Comedy",162470,"2020-10-23","Jason Woliner"
tt0119217,10,2025-09-22,"Умница Уилл Хантинг","Good Will Hunting",https://www.imdb.com/title/tt0119217,Movie,8.3,126,1997,"Romance, Drama",1177049,"1998-01-09","Gus Van Sant"
tt3501632,7,2025-09-22,"Тор: Рагнарёк","Thor: Ragnarok",https://www.imdb.com/title/tt3501632,Movie,7.9,130,2017,"Action, Sci-Fi, Adventure, Comedy, Fantasy",876604,"2017-11-02","Taika Waititi"
tt5463162,7,2025-09-22,"Дэдпул 2","Deadpool 2",https://www.imdb.com/title/tt5463162,Movie,7.6,119,2018,"Action, Adventure, Comedy, Sci-Fi",730323,"2018-05-17","David Leitch"
tt1950186,9,2025-09-22,"Ford против Ferrari","Ford v Ferrari",https://www.imdb.com/title/tt1950186,Movie,8.1,152,2019,"Action, Drama, Biography, Sport",549321,"2019-11-14","James Mangold"
tt10648342,4,2025-09-22,"Тор: Любовь и гром","Thor: Love and Thunder",https://www.imdb.com/title/tt10648342,Movie,6.1,118,2022,"Adventure, Romance, Sci-Fi, Comedy, Action",448439,"2022-07-07","Taika Waititi"
tt0407887,10,2025-09-22,"Отступники","The Departed",https://www.imdb.com/title/tt0407887,Movie,8.5,151,2006,"Crime, Drama, Thriller",1524030,"2006-10-05","Martin Scorsese"
tt3659388,8,2025-09-22,"Марсианин","The Martian",https://www.imdb.com/title/tt3659388,Movie,8.0,144,2015,"Sci-Fi, Adventure, Drama",987281,"2015-10-08","Ridley Scott"
